{"obs_rms": {"mean": [173.63760375976562, 52.10946273803711, 12.138047218322754, 2.223243236541748, 1361.586669921875, 4.4492998123168945, 0.07925139367580414, 55.40589904785156, 17.188983917236328, 0.003050199244171381, 28.444313049316406, 5288.50732421875, 125.22810363769531, 11.458763122558594, 173.04013061523438, 1.521025538444519, 0.10918684303760529, 0.09560021013021469, 0.09265701472759247, 0.09446962922811508, 0.09302149713039398, 0.09448800981044769, 0.0950482115149498, 0.13563475012779236, 0.26162323355674744], "var": [710942.125, 1717.702392578125, 45.284767150878906, 4.314248085021973, 8207208.0, 4.947777271270752, 0.02192740887403488, 1353.87451171875, 41.87514877319336, 0.0022610437590628862, 20.629104614257812, 43862216.0, 32980.8359375, 69.9493408203125, 417.0039367675781, 2.1578361988067627, 0.001493648742325604, 0.0004736743285320699, 0.0003621926880441606, 0.00032106973230838776, 0.00029813521541655064, 0.00016294055967591703, 0.00015458301641047, 0.0001840161858126521, 0.0005075629451312125], "count": 1996800.00000001}, "ret_rms": {"mean": 0.0, "var": 1.0, "count": 1e-08}, "norm_obs": true, "norm_rew": false, "clip_obs": 10.0, "clip_rew": 10.0, "gamma": 0.99, "eps": 1e-08}