{"obs_rms": {"mean": [1807.90673828125, 52.100013732910156, 12.134859085083008, 2.4196937084198, 1541.1236572265625, 4.453242301940918, 0.0003687792341224849, 55.685401916503906, 17.185932159423828, 0.002720776479691267, 28.446578979492188, 6048.875, 89.22893524169922, 11.442436218261719, 175.38739013671875, 1.9055060148239136, 0.09297744184732437, 0.083637535572052, 0.08054036647081375, 0.07983361184597015, 0.07818383723497391, 0.08933312445878983, 0.09145086258649826, 0.13091905415058136, 0.2569470703601837], "var": [2395052.0, 1711.1082763671875, 45.459266662597656, 4.7447123527526855, 9843117.0, 4.941196441650391, 1.2212170076963957e-05, 1376.396484375, 41.916717529296875, 0.00098962034098804, 20.602157592773438, 55013840.0, 42295.4609375, 70.79316711425781, 413.6396789550781, 2.991626024246216, 0.0012257455382496119, 0.0006265153642743826, 0.0007302857120521367, 0.000728489481844008, 0.0006846059113740921, 0.00018190800619777292, 0.00012843296281062067, 0.00015785760479047894, 0.0004739445575978607], "count": 780000.00000001}, "ret_rms": {"mean": -58.686199297144654, "var": 37663.344228883674, "count": 775000.00000001}, "norm_obs": true, "norm_rew": true, "clip_obs": 10.0, "clip_rew": 10.0, "gamma": 0.99, "eps": 1e-08}