{"obs_rms": {"mean": [1795.6009521484375, 52.100013732910156, 12.134859085083008, 2.4207801818847656, 1542.44873046875, 4.453242301940918, 0.00041160729597322643, 55.686424255371094, 17.185932159423828, 0.0025028653908520937, 28.446578979492188, 6052.984375, 89.88111114501953, 11.442436218261719, 175.3873748779297, 1.9064054489135742, 0.09310727566480637, 0.08372572064399719, 0.08065357059240341, 0.07992769777774811, 0.07825532555580139, 0.08941809833049774, 0.09145963937044144, 0.13091564178466797, 0.2569437325000763], "var": [2394114.0, 1711.1082763671875, 45.459266662597656, 4.748019695281982, 9888736.0, 4.941196441650391, 2.844996561179869e-05, 1376.5035400390625, 41.916717529296875, 0.0009016036638058722, 20.602157592773438, 55092080.0, 42779.2734375, 70.79316711425781, 413.63421630859375, 2.9976906776428223, 0.0012251518201082945, 0.0006245810654945672, 0.0007261678692884743, 0.0007252934155985713, 0.0006814591470174491, 0.00018020920106209815, 0.0001284317550016567, 0.00015786488074809313, 0.00047392508713528514], "count": 780000.00000001}, "ret_rms": {"mean": -59.198346540253105, "var": 37916.14239353111, "count": 775000.00000001}, "norm_obs": true, "norm_rew": true, "clip_obs": 10.0, "clip_rew": 10.0, "gamma": 0.99, "eps": 1e-08}