{"obs_rms": {"mean": [1799.109619140625, 52.100013732910156, 12.134859085083008, 2.4206063747406006, 1542.573974609375, 4.453242301940918, 0.0004158586380071938, 55.68597412109375, 17.185932159423828, 0.002514953026548028, 28.446578979492188, 6052.6181640625, 89.97628784179688, 11.442436218261719, 175.38681030273438, 1.9060642719268799, 0.0931265726685524, 0.08372978121042252, 0.08065491169691086, 0.07992633432149887, 0.07825217396020889, 0.08940595388412476, 0.09146410971879959, 0.13092468678951263, 0.2569650113582611], "var": [2387095.75, 1711.1082763671875, 45.459266662597656, 4.747549533843994, 9891166.0, 4.941196441650391, 3.045215635211207e-05, 1376.4410400390625, 41.916717529296875, 0.000902098196092993, 20.602157592773438, 55086576.0, 42907.90625, 70.79316711425781, 413.66046142578125, 2.996380567550659, 0.0012258008355274796, 0.0006243566167540848, 0.0007263146690092981, 0.0007260437705554068, 0.0006822078721597791, 0.0001808193337637931, 0.00012854259693995118, 0.00015800529217813164, 0.0004741681623272598], "count": 780000.00000001}, "ret_rms": {"mean": -59.21960187419011, "var": 37936.04447135151, "count": 775000.00000001}, "norm_obs": true, "norm_rew": true, "clip_obs": 10.0, "clip_rew": 10.0, "gamma": 0.99, "eps": 1e-08}