{"obs_rms": {"mean": [1793.74365234375, 52.100013732910156, 12.134859085083008, 2.4206974506378174, 1543.091064453125, 4.453242301940918, 0.00041006316314451396, 55.68539810180664, 17.185932159423828, 0.002509643090888858, 28.446578979492188, 6053.578125, 90.34510040283203, 11.442436218261719, 175.38687133789062, 1.906029462814331, 0.09312635660171509, 0.08373518288135529, 0.08065634220838547, 0.07992655038833618, 0.07825639098882675, 0.08942233771085739, 0.09146645665168762, 0.1309293657541275, 0.25696465373039246], "var": [2423240.75, 1711.1082763671875, 45.459266662597656, 4.747281074523926, 9892872.0, 4.941196441650391, 2.579843385319691e-05, 1376.447021484375, 41.916717529296875, 0.0008896472863852978, 20.602157592773438, 55095792.0, 43131.88671875, 70.79316711425781, 413.662841796875, 2.9952785968780518, 0.001224805717356503, 0.0006248876452445984, 0.0007271247450262308, 0.0007264565210789442, 0.000682273181155324, 0.00018076878041028976, 0.00012866005999967456, 0.00015805686416570097, 0.0004741651064250618], "count": 780000.00000001}, "ret_rms": {"mean": -59.447924227705386, "var": 38025.18464579963, "count": 775000.00000001}, "norm_obs": true, "norm_rew": true, "clip_obs": 10.0, "clip_rew": 10.0, "gamma": 0.99, "eps": 1e-08}