{"obs_rms": {"mean": [1813.9393310546875, 52.100013732910156, 12.134859085083008, 2.420389413833618, 1541.5224609375, 4.453242301940918, 0.0004358655714895576, 55.686737060546875, 17.185932159423828, 0.0025427737273275852, 28.446578979492188, 6050.88427734375, 89.60966491699219, 11.442436218261719, 175.38780212402344, 1.9058842658996582, 0.0930616557598114, 0.08369846642017365, 0.08062640577554703, 0.0798996314406395, 0.07823211699724197, 0.08938305079936981, 0.09145306795835495, 0.13091760873794556, 0.25694555044174194], "var": [2383467.25, 1711.1082763671875, 45.459266662597656, 4.747079849243164, 9859623.0, 4.941196441650391, 3.370214835740626e-05, 1376.5010986328125, 41.916717529296875, 0.0009131757542490959, 20.602157592773438, 55056320.0, 42190.24609375, 70.79316711425781, 413.59466552734375, 2.99548077583313, 0.0012251583393663168, 0.0006251137237995863, 0.0007266924949362874, 0.0007255960372276604, 0.0006813418003730476, 0.00018078138236887753, 0.0001281990116694942, 0.00015764718409627676, 0.0004736663540825248], "count": 780000.00000001}, "ret_rms": {"mean": -58.987024101824375, "var": 37631.42460354552, "count": 775000.00000001}, "norm_obs": true, "norm_rew": true, "clip_obs": 10.0, "clip_rew": 10.0, "gamma": 0.99, "eps": 1e-08}