{"obs_rms": {"mean": [88.5405044555664, 52.10946273803711, 12.138047218322754, 0.8231704235076904, 139.72218322753906, 4.4492998123168945, 0.19703614711761475, 55.54002380371094, 17.188983917236328, 0.06552312523126602, 28.444313049316406, 1322.747314453125, 21.571300506591797, 11.458763122558594, 173.26431274414062, 0.3877737820148468, 0.07614085078239441, 0.07797562330961227, 0.07970307767391205, 0.0823381096124649, 0.08004485815763474, 0.09049367159605026, 0.09159514307975769, 0.1313410848379135, 0.25508326292037964], "var": [715910.8125, 1717.702392578125, 45.284767150878906, 0.7668609619140625, 263405.8125, 4.947777271270752, 0.0450960211455822, 1371.119140625, 41.87514877319336, 0.04355042055249214, 20.629104614257812, 2882585.25, 19238.708984375, 69.9493408203125, 426.6779479980469, 0.21477656066417694, 0.0014951283810660243, 0.0009255635086447, 0.000805832794867456, 0.0006372050265781581, 0.0006435509421862662, 0.00015936909767333418, 0.00012799973774235696, 0.0001558766234666109, 0.0004753215762320906], "count": 1996800.00000001}, "ret_rms": {"mean": 0.0, "var": 1.0, "count": 1e-08}, "norm_obs": true, "norm_rew": false, "clip_obs": 10.0, "clip_rew": 10.0, "gamma": 0.99, "eps": 1e-08}