{"obs_rms": {"mean": [372.6974182128906, 52.1024284362793, 12.134305000305176, 2.24755859375, 1439.682861328125, 4.446582794189453, 0.05146108195185661, 55.488304138183594, 17.189802169799805, 0.007830607704818249, 28.44655418395996, 5424.1044921875, 119.07403564453125, 11.442489624023438, 176.2448272705078, 1.5663490295410156, 0.09283632040023804, 0.08586467057466507, 0.08387406170368195, 0.08358694612979889, 0.08295968174934387, 0.09111302345991135, 0.0919794887304306, 0.1314656138420105, 0.25687259435653687], "var": [1812911.375, 1711.8721923828125, 45.420143127441406, 4.254570007324219, 8567154.0, 4.94612979888916, 0.01285901851952076, 1360.350341796875, 41.89485549926758, 0.0035129194147884846, 20.596559524536133, 45495224.0, 65146.4609375, 70.84667205810547, 412.12103271484375, 2.1161389350891113, 0.001333870692178607, 0.000664625724311918, 0.0006404398009181023, 0.000624560343567282, 0.0005603850004263222, 0.00017394707538187504, 0.00013764134200755507, 0.00016484477964695543, 0.00048591813538223505], "count": 546000.00000001}, "ret_rms": {"mean": -276.38448797339896, "var": 659971.1739246119, "count": 542500.00000001}, "norm_obs": true, "norm_rew": true, "clip_obs": 10.0, "clip_rew": 10.0, "gamma": 0.99, "eps": 1e-08}