{"obs_rms": {"mean": [374.9898681640625, 52.1024284362793, 12.134305000305176, 2.2488672733306885, 1440.5950927734375, 4.446582794189453, 0.05069597437977791, 55.49044418334961, 17.189802169799805, 0.007981578819453716, 28.44655418395996, 5431.43994140625, 118.0743408203125, 11.442489624023438, 176.24569702148438, 1.570299506187439, 0.09277496486902237, 0.08584199845790863, 0.08384501188993454, 0.0835256427526474, 0.0828821063041687, 0.09108753502368927, 0.09196300804615021, 0.1314454972743988, 0.2568451464176178], "var": [1804810.25, 1711.8721923828125, 45.420143127441406, 4.25811767578125, 8590830.0, 4.94612979888916, 0.012620225548744202, 1360.4332275390625, 41.89485549926758, 0.003603954566642642, 20.596559524536133, 45578764.0, 64075.0546875, 70.84667205810547, 412.0486755371094, 2.1272237300872803, 0.0013345201732590795, 0.0006658448837697506, 0.000641247839666903, 0.0006259465008042753, 0.000561281805858016, 0.00017368355474900454, 0.00013715826207771897, 0.00016444353968836367, 0.0004854344006162137], "count": 546000.00000001}, "ret_rms": {"mean": -277.08591659060454, "var": 657376.3343845081, "count": 542500.00000001}, "norm_obs": true, "norm_rew": true, "clip_obs": 10.0, "clip_rew": 10.0, "gamma": 0.99, "eps": 1e-08}