{"obs_rms": {"mean": [371.9065246582031, 52.1024284362793, 12.134305000305176, 2.2390902042388916, 1434.0574951171875, 4.446582794189453, 0.052688151597976685, 55.48207473754883, 17.189802169799805, 0.008088529109954834, 28.44655418395996, 5395.43115234375, 117.9088134765625, 11.442489624023438, 176.24539184570312, 1.550784707069397, 0.0926164761185646, 0.08573099225759506, 0.08374004811048508, 0.08350929617881775, 0.08290279656648636, 0.0911136344075203, 0.09195700287818909, 0.13143715262413025, 0.25679752230644226], "var": [1812737.75, 1711.8721923828125, 45.420143127441406, 4.2232890129089355, 8504263.0, 4.94612979888916, 0.013195828534662724, 1360.1407470703125, 41.89485549926758, 0.0036398223601281643, 20.596559524536133, 45028836.0, 64407.328125, 70.84667205810547, 412.09637451171875, 2.0762510299682617, 0.0013372913235798478, 0.0006686844862997532, 0.000644636049401015, 0.0006273089093156159, 0.000562514178454876, 0.0001732316450215876, 0.00013760142610408366, 0.00016482877254020423, 0.0004861130437348038], "count": 546000.00000001}, "ret_rms": {"mean": -275.3263549274124, "var": 660034.9772480722, "count": 542500.00000001}, "norm_obs": true, "norm_rew": true, "clip_obs": 10.0, "clip_rew": 10.0, "gamma": 0.99, "eps": 1e-08}