{"obs_rms": {"mean": [370.72900390625, 52.1024284362793, 12.134305000305176, 2.246323347091675, 1437.5926513671875, 4.446582794189453, 0.05136515572667122, 55.48792266845703, 17.189802169799805, 0.007973495870828629, 28.44655418395996, 5421.37744140625, 118.93419647216797, 11.442489624023438, 176.24620056152344, 1.5660279989242554, 0.09274783730506897, 0.0857933834195137, 0.08378679305315018, 0.08350396901369095, 0.08286402374505997, 0.09110666066408157, 0.09195493906736374, 0.13143585622310638, 0.25681281089782715], "var": [1792020.875, 1711.8721923828125, 45.420143127441406, 4.251403331756592, 8548191.0, 4.94612979888916, 0.01276994589716196, 1360.3265380859375, 41.89485549926758, 0.0035894133616238832, 20.596559524536133, 45446964.0, 64466.97265625, 70.84667205810547, 412.0221862792969, 2.116912841796875, 0.0013320394791662693, 0.0006659285863861442, 0.0006429730565287173, 0.0006268479046411812, 0.0005624148761853576, 0.00017306413792539388, 0.00013722815492656082, 0.0001643510622670874, 0.00048521076678298414], "count": 546000.00000001}, "ret_rms": {"mean": -275.4160341839903, "var": 653672.3461156934, "count": 542500.00000001}, "norm_obs": true, "norm_rew": true, "clip_obs": 10.0, "clip_rew": 10.0, "gamma": 0.99, "eps": 1e-08}