{"obs_rms": {"mean": [376.26885986328125, 52.1024284362793, 12.134305000305176, 2.245156764984131, 1437.8369140625, 4.446582794189453, 0.05147562175989151, 55.48640060424805, 17.189802169799805, 0.008023766800761223, 28.44655418395996, 5420.12890625, 119.58856964111328, 11.442489624023438, 176.2445526123047, 1.5645427703857422, 0.09286807477474213, 0.08591171354055405, 0.0839172825217247, 0.0836338996887207, 0.08297183364629745, 0.09114336222410202, 0.09198688715696335, 0.13148106634616852, 0.25688204169273376], "var": [1822448.125, 1711.8721923828125, 45.420143127441406, 4.249059677124023, 8559695.0, 4.94612979888916, 0.01290066633373499, 1360.14208984375, 41.89485549926758, 0.0036244303919374943, 20.596559524536133, 45439236.0, 65469.12890625, 70.84667205810547, 412.1365661621094, 2.115276575088501, 0.0013352661626413465, 0.000666912121232599, 0.0006409096531569958, 0.0006236337940208614, 0.0005605544429272413, 0.00017330040282104164, 0.00013781113375443965, 0.00016493949806317687, 0.00048611772945150733], "count": 546000.00000001}, "ret_rms": {"mean": -278.85409430658956, "var": 665597.8796950126, "count": 542500.00000001}, "norm_obs": true, "norm_rew": true, "clip_obs": 10.0, "clip_rew": 10.0, "gamma": 0.99, "eps": 1e-08}