{"obs_rms": {"mean": [295.33251953125, 54.516963958740234, 11.95689868927002, 2.3520700931549072, 1272.1572265625, 4.351558685302734, 0.060264043509960175, 55.004791259765625, 18.96395492553711, 0.0010471323039382696, 27.473255157470703, 5231.35546875, 465.1614685058594, 11.499397277832031, 174.4214324951172, 1.5884010791778564, 0.13278166949748993, 0.1052791103720665, 0.0975196361541748, 0.0976438894867897, 0.09659436345100403, 0.09644440561532974, 0.09653224050998688, 0.1364799588918686, 0.2628014087677002], "var": [1065419.25, 1843.991943359375, 47.86882400512695, 4.476801872253418, 7709231.5, 5.342368125915527, 0.015132143162190914, 1431.8890380859375, 20.565269470214844, 0.0007225673762150109, 33.78369140625, 47959792.0, 85425.453125, 77.40692901611328, 395.45806884765625, 2.789186954498291, 0.00027183862403035164, 0.0002410787419648841, 0.0002571181976236403, 0.00026634850655682385, 0.0002932236820925027, 0.0001478826889069751, 0.00014243611076381058, 0.00017602909065317363, 0.0004929859424009919], "count": 1029373.00000001}, "ret_rms": {"mean": 0.0, "var": 1.0, "count": 1e-08}, "norm_obs": true, "norm_rew": false, "clip_obs": 10.0, "clip_rew": 10.0, "gamma": 0.99, "eps": 1e-08}