{"obs_rms": {"mean": [294.92047119140625, 54.50762176513672, 11.960493087768555, 2.345268487930298, 1268.092041015625, 4.352001190185547, 0.06093352288007736, 55.003173828125, 18.966922760009766, 0.001027822494506836, 27.469974517822266, 5213.083984375, 464.8316650390625, 11.497136116027832, 174.42225646972656, 1.5825989246368408, 0.13276438415050507, 0.1052563488483429, 0.09750374406576157, 0.09762486070394516, 0.09657088667154312, 0.09643641859292984, 0.09652649611234665, 0.13647356629371643, 0.2627675533294678], "var": [1062223.125, 1844.4224853515625, 48.03057861328125, 4.472031116485596, 7691215.0, 5.3485941886901855, 0.015377488918602467, 1433.039794921875, 20.53795051574707, 0.0007077030022628605, 33.94361114501953, 47846392.0, 85042.8203125, 77.49620056152344, 395.51629638671875, 2.7871954441070557, 0.00027031940408051014, 0.00024055851099547, 0.00025706124142743647, 0.0002674819843377918, 0.0002943212166428566, 0.00014811739674769342, 0.00014244340127334, 0.0001759301667334512, 0.0004927845438942313], "count": 1029299.00000001}, "ret_rms": {"mean": 0.0, "var": 1.0, "count": 1e-08}, "norm_obs": true, "norm_rew": false, "clip_obs": 10.0, "clip_rew": 10.0, "gamma": 0.99, "eps": 1e-08}