{"obs_rms": {"mean": [297.0123596191406, 54.51070022583008, 11.956789016723633, 2.350480556488037, 1267.26318359375, 4.350279808044434, 0.06036422774195671, 54.98774337768555, 18.966476440429688, 0.0010534883476793766, 27.464933395385742, 5221.1220703125, 465.35626220703125, 11.499617576599121, 174.42100524902344, 1.5869741439819336, 0.13278745114803314, 0.10526387393474579, 0.09750978648662567, 0.0976339802145958, 0.09657268226146698, 0.09644760191440582, 0.09652325510978699, 0.1364648938179016, 0.2627820670604706], "var": [1086085.75, 1845.41748046875, 48.06219482421875, 4.482553005218506, 7672783.0, 5.344010353088379, 0.015148761682212353, 1434.2197265625, 20.556217193603516, 0.0007378882146440446, 34.00153732299805, 47882548.0, 85433.984375, 77.54095458984375, 395.60491943359375, 2.793107271194458, 0.0002703018835745752, 0.0002407500141998753, 0.00025703111896291375, 0.0002670483954716474, 0.0002938597754109651, 0.0001475745957577601, 0.000142375283758156, 0.00017589745402801782, 0.0004930407158099115], "count": 1029035.00000001}, "ret_rms": {"mean": 0.0, "var": 1.0, "count": 1e-08}, "norm_obs": true, "norm_rew": false, "clip_obs": 10.0, "clip_rew": 10.0, "gamma": 0.99, "eps": 1e-08}