{"obs_rms": {"mean": [297.9652099609375, 54.484596252441406, 11.95905590057373, 2.3505825996398926, 1273.9102783203125, 4.350776672363281, 0.05990896373987198, 54.97893142700195, 18.964860916137695, 0.001149641815572977, 27.472190856933594, 5226.70654296875, 465.1461486816406, 11.493203163146973, 174.4237823486328, 1.5870308876037598, 0.1327718049287796, 0.10525716096162796, 0.09750523418188095, 0.09764102846384048, 0.0965857058763504, 0.09645465016365051, 0.09653464704751968, 0.13648046553134918, 0.2627895772457123], "var": [1085202.375, 1844.8011474609375, 48.0480842590332, 4.480764389038086, 7725183.5, 5.343824863433838, 0.01506104413419962, 1433.6412353515625, 20.5578556060791, 0.0008230556268244982, 33.928287506103516, 47943540.0, 85537.59375, 77.51053619384766, 395.7881774902344, 2.7904770374298096, 0.00027208030223846436, 0.00024165086506400257, 0.0002582346787676215, 0.0002678421151358634, 0.00029437130433507264, 0.00014816374459769577, 0.00014270635438151658, 0.00017632544040679932, 0.0004935935139656067], "count": 1028537.00000001}, "ret_rms": {"mean": 0.0, "var": 1.0, "count": 1e-08}, "norm_obs": true, "norm_rew": false, "clip_obs": 10.0, "clip_rew": 10.0, "gamma": 0.99, "eps": 1e-08}