{"obs_rms": {"mean": [296.2436218261719, 54.47531509399414, 11.961572647094727, 2.35030198097229, 1270.8448486328125, 4.35422420501709, 0.06049744039773941, 55.012447357177734, 18.961105346679688, 0.0009613935253582895, 27.473186492919922, 5226.8271484375, 465.48583984375, 11.505389213562012, 174.4122314453125, 1.5864335298538208, 0.13280783593654633, 0.1053001657128334, 0.09754891693592072, 0.09768473356962204, 0.0966288223862648, 0.09646911919116974, 0.09656041115522385, 0.13649527728557587, 0.2628253102302551], "var": [1079775.875, 1844.523681640625, 48.00542068481445, 4.4780378341674805, 7701319.0, 5.3564863204956055, 0.015181442722678185, 1435.026611328125, 20.544191360473633, 0.0006663439562544227, 33.86542892456055, 47915796.0, 86170.703125, 77.58441925048828, 395.82366943359375, 2.7867202758789062, 0.000267863244516775, 0.00024023608420975506, 0.0002570677315816283, 0.0002668111410457641, 0.000293549383059144, 0.0001489283749833703, 0.00014329863188322634, 0.00017664067854639143, 0.0004940052749589086], "count": 1028441.00000001}, "ret_rms": {"mean": 0.0, "var": 1.0, "count": 1e-08}, "norm_obs": true, "norm_rew": false, "clip_obs": 10.0, "clip_rew": 10.0, "gamma": 0.99, "eps": 1e-08}