{"obs_rms": {"mean": [4245.4013671875, 52.10946273803711, 12.138047218322754, 2.3661611080169678, 1441.0938720703125, 4.4492998123168945, 0.0021428128238767385, 55.658016204833984, 17.188983917236328, 0.010085894726216793, 28.444313049316406, 5789.86181640625, 238.60826110839844, 11.458763122558594, 172.61827087402344, 1.8481249809265137, 0.1136426329612732, 0.09633713960647583, 0.09153322875499725, 0.0917619988322258, 0.09065185487270355, 0.09488049894571304, 0.09557778388261795, 0.13661779463291168, 0.2638528048992157], "var": [14060466.0, 1717.702392578125, 45.284767150878906, 4.680459499359131, 9160634.0, 4.947777271270752, 0.0007059973431751132, 1373.30859375, 41.87514877319336, 0.006786127109080553, 20.629104614257812, 52068924.0, 84437.3203125, 69.9493408203125, 419.09576416015625, 2.8929388523101807, 0.0012829005718231201, 0.0005681227194145322, 0.0005266486550681293, 0.0005279236356727779, 0.0005438342341221869, 0.00020930645405314863, 0.0001695615064818412, 0.00019803432223852724, 0.0005308595718815923], "count": 1996800.00000001}, "ret_rms": {"mean": 0.0, "var": 1.0, "count": 1e-08}, "norm_obs": true, "norm_rew": false, "clip_obs": 10.0, "clip_rew": 10.0, "gamma": 0.99, "eps": 1e-08}