{"obs_rms": {"mean": [199.5518341064453, 52.10946273803711, 12.138047218322754, 1.7555032968521118, 935.373046875, 4.4492998123168945, 0.10242756456136703, 55.45621109008789, 17.188983917236328, 0.026250271126627922, 28.444313049316406, 3934.29541015625, 70.97265625, 11.458763122558594, 173.2547149658203, 1.1729815006256104, 0.09066866338253021, 0.08413372933864594, 0.0833543986082077, 0.08409447222948074, 0.08211224526166916, 0.0903099924325943, 0.09214483201503754, 0.13169236481189728, 0.2553817629814148], "var": [801986.375, 1717.702392578125, 45.284767150878906, 3.4612228870391846, 5554487.5, 4.947777271270752, 0.029269922524690628, 1358.7763671875, 41.87514877319336, 0.01759292185306549, 20.629104614257812, 32945694.0, 27717.025390625, 69.9493408203125, 425.0960998535156, 1.8852043151855469, 0.001484527951106429, 0.0006907760980539024, 0.0006387215107679367, 0.000574649719055742, 0.0005551234353333712, 0.00018039124552160501, 0.00012758294178638607, 0.0001557870564283803, 0.00047640770208090544], "count": 1996800.00000001}, "ret_rms": {"mean": 0.0, "var": 1.0, "count": 1e-08}, "norm_obs": true, "norm_rew": false, "clip_obs": 10.0, "clip_rew": 10.0, "gamma": 0.99, "eps": 1e-08}