{"obs_rms": {"mean": [93.14837646484375, 54.500732421875, 11.959686279296875, 0.8594847917556763, 199.2521209716797, 4.351940155029297, 0.18008047342300415, 53.70096206665039, 18.966766357421875, 0.10243498533964157, 27.469345092773438, 1449.172607421875, 50.826087951660156, 11.496111869812012, 174.9122772216797, 0.40560853481292725, 0.07060083001852036, 0.07308534532785416, 0.07269995659589767, 0.074203260242939, 0.07404754310846329, 0.08665608614683151, 0.08874376863241196, 0.1283305436372757, 0.2504774034023285], "var": [667307.0, 1844.4473876953125, 47.99620819091797, 0.925429105758667, 421125.28125, 5.3489766120910645, 0.039948008954524994, 1345.9151611328125, 20.539133071899414, 0.06695565581321716, 33.94355773925781, 4211821.0, 78858.796875, 77.49591064453125, 405.51287841796875, 0.285736620426178, 0.0014864582335576415, 0.0008813868626020849, 0.0008401352679356933, 0.0007983242394402623, 0.0007858765893615782, 0.00019586509733926505, 0.00013868069800082594, 0.00016670172044541687, 0.0004984888946637511], "count": 1029184.00000001}, "ret_rms": {"mean": 0.0, "var": 1.0, "count": 1e-08}, "norm_obs": true, "norm_rew": false, "clip_obs": 10.0, "clip_rew": 10.0, "gamma": 0.99, "eps": 1e-08}