{"obs_rms": {"mean": [95.0394058227539, 54.50470733642578, 11.956040382385254, 0.8621857166290283, 196.23583984375, 4.350255966186523, 0.18032722175121307, 53.68926239013672, 18.966371536254883, 0.10260297358036041, 27.46438217163086, 1451.6070556640625, 50.89015197753906, 11.49867057800293, 174.91102600097656, 0.40745246410369873, 0.07060588151216507, 0.07307596504688263, 0.07268182188272476, 0.07417566329240799, 0.0740416944026947, 0.08661725372076035, 0.08873450011014938, 0.12836270034313202, 0.250606894493103], "var": [683595.8125, 1845.48046875, 48.041419982910156, 0.9363875389099121, 411847.78125, 5.344308376312256, 0.0400642491877079, 1346.6544189453125, 20.55744171142578, 0.06695481389760971, 34.00117111206055, 4240354.5, 79003.7734375, 77.5400390625, 405.6391296386719, 0.29085180163383484, 0.001486654276959598, 0.0008825771510601044, 0.0008423309191130102, 0.0008007501601241529, 0.0007866901578381658, 0.0001963130198419094, 0.00013836860307492316, 0.00016636712825857103, 0.0004971605958417058], "count": 1028935.00000001}, "ret_rms": {"mean": 0.0, "var": 1.0, "count": 1e-08}, "norm_obs": true, "norm_rew": false, "clip_obs": 10.0, "clip_rew": 10.0, "gamma": 0.99, "eps": 1e-08}