{"obs_rms": {"mean": [92.70870971679688, 54.51303482055664, 11.956520080566406, 0.857612133026123, 198.40570068359375, 4.351537227630615, 0.18001918494701385, 53.697174072265625, 18.963905334472656, 0.1032124012708664, 27.4730281829834, 1448.1529541015625, 51.40908432006836, 11.498747825622559, 174.9116668701172, 0.40557733178138733, 0.07064103335142136, 0.07305502891540527, 0.07267395406961441, 0.07421207427978516, 0.07405656576156616, 0.0867309644818306, 0.08880273997783661, 0.12837786972522736, 0.2506311535835266], "var": [659740.375, 1843.961669921875, 47.86264419555664, 0.9247313737869263, 425875.78125, 5.3425374031066895, 0.03997252508997917, 1343.9295654296875, 20.565895080566406, 0.06749176979064941, 33.78286361694336, 4271823.0, 79479.1640625, 77.40816497802734, 405.520263671875, 0.2910284399986267, 0.0014902417315170169, 0.0008851535385474563, 0.0008442270336672664, 0.0008006167481653392, 0.0007878733449615538, 0.00019472616259008646, 0.0001384116185363382, 0.00016673003847245127, 0.0004979809746146202], "count": 1029310.00000001}, "ret_rms": {"mean": 0.0, "var": 1.0, "count": 1e-08}, "norm_obs": true, "norm_rew": false, "clip_obs": 10.0, "clip_rew": 10.0, "gamma": 0.99, "eps": 1e-08}