{"obs_rms": {"mean": [92.83536529541016, 54.47819137573242, 11.958222389221191, 0.8578447699546814, 195.6422119140625, 4.350707054138184, 0.18022999167442322, 53.678287506103516, 18.964712142944336, 0.10219749063253403, 27.47161293029785, 1442.679443359375, 50.941368103027344, 11.491984367370605, 174.9105224609375, 0.4047245383262634, 0.07058487832546234, 0.07310952246189117, 0.07273510098457336, 0.0742579847574234, 0.07410670071840286, 0.0866531953215599, 0.08874805271625519, 0.12836240231990814, 0.25065261125564575], "var": [672099.0625, 1844.5186767578125, 48.03954315185547, 0.9187185764312744, 397970.59375, 5.344151020050049, 0.039812710136175156, 1345.9722900390625, 20.55934715270996, 0.0668720230460167, 33.92768859863281, 4130084.0, 79254.1015625, 77.5126953125, 405.8200988769531, 0.2856047749519348, 0.0014869131846353412, 0.0008806902915239334, 0.0008407141431234777, 0.0007973440806381404, 0.0007860761252231896, 0.0001967831776710227, 0.00013882519851904362, 0.00016670371405780315, 0.0004973718896508217], "count": 1028431.00000001}, "ret_rms": {"mean": 0.0, "var": 1.0, "count": 1e-08}, "norm_obs": true, "norm_rew": false, "clip_obs": 10.0, "clip_rew": 10.0, "gamma": 0.99, "eps": 1e-08}