{"obs_rms": {"mean": [92.4207763671875, 54.47190856933594, 11.961138725280762, 0.863071620464325, 199.530517578125, 4.354188442230225, 0.1803266704082489, 53.71706771850586, 18.960973739624023, 0.10210394114255905, 27.472824096679688, 1459.6502685546875, 50.28507614135742, 11.504802703857422, 174.91529846191406, 0.4081678092479706, 0.07067370414733887, 0.07313048839569092, 0.0727480947971344, 0.07426100224256516, 0.07408829778432846, 0.0866309329867363, 0.08875995129346848, 0.1283385306596756, 0.2505880296230316], "var": [663468.9375, 1844.468505859375, 48.00496292114258, 0.9347547292709351, 419580.34375, 5.3566999435424805, 0.03982685133814812, 1347.5164794921875, 20.544919967651367, 0.06652926653623581, 33.865386962890625, 4304616.0, 77642.9375, 77.58432006835938, 405.8136901855469, 0.2942391335964203, 0.0014853531029075384, 0.000880196806974709, 0.0008388070273213089, 0.0007955110049806535, 0.0007837386219762266, 0.00019609119044616818, 0.0001382023183396086, 0.00016633604536764324, 0.0004983068211004138], "count": 1028382.00000001}, "ret_rms": {"mean": 0.0, "var": 1.0, "count": 1e-08}, "norm_obs": true, "norm_rew": false, "clip_obs": 10.0, "clip_rew": 10.0, "gamma": 0.99, "eps": 1e-08}