{"obs_rms": {"mean": [2185.79052734375, 54.82550811767578, 11.896048545837402, 2.477753162384033, 1369.2012939453125, 4.329155921936035, 0.016380148008465767, 54.9903564453125, 18.978805541992188, 0.011893069371581078, 27.428857803344727, 5814.34521484375, 487.7070007324219, 11.410052299499512, 174.5768280029297, 1.8831654787063599, 0.11401727050542831, 0.0976952463388443, 0.09165270626544952, 0.09002363681793213, 0.08812671154737473, 0.09195910394191742, 0.09464224427938461, 0.1338391900062561, 0.2594262957572937], "var": [8081177.5, 1860.3974609375, 47.81497573852539, 4.724741458892822, 8321009.5, 5.320788860321045, 0.003956948406994343, 1434.965576171875, 19.991565704345703, 0.006917494349181652, 34.05396270751953, 54652660.0, 190459.25, 76.13414001464844, 397.4926452636719, 3.418213129043579, 0.0009514470584690571, 0.0006683539832010865, 0.0007124380208551884, 0.000771810591686517, 0.0008007733267731965, 0.00031204501283355057, 0.00017519578977953643, 0.00020335090812295675, 0.0005535117234103382], "count": 969000.00000001}, "ret_rms": {"mean": -1414.1571292054746, "var": 2390946.6103697345, "count": 963000.00000001}, "norm_obs": true, "norm_rew": true, "clip_obs": 10.0, "clip_rew": 10.0, "gamma": 0.99, "eps": 1e-08}