{"obs_rms": {"mean": [2156.970458984375, 53.886077880859375, 12.05002212524414, 2.4867348670959473, 1384.7000732421875, 4.32566499710083, 0.015668680891394615, 55.24112319946289, 18.92475128173828, 0.01336007658392191, 27.578025817871094, 5866.10888671875, 481.2641296386719, 11.522356033325195, 174.58370971679688, 1.8858944177627563, 0.1137794703245163, 0.09738145768642426, 0.09133625030517578, 0.08989907056093216, 0.08811105787754059, 0.09207382798194885, 0.09471208602190018, 0.13391011953353882, 0.2594509720802307], "var": [7901035.0, 1813.60498046875, 48.22100830078125, 4.736545085906982, 8388613.0, 5.25837516784668, 0.003898859489709139, 1425.9041748046875, 20.357030868530273, 0.008071078918874264, 33.37284469604492, 54705312.0, 184303.21875, 75.67389678955078, 402.0651550292969, 3.3837826251983643, 0.0009639341151341796, 0.0006825125892646611, 0.0007352540851570666, 0.0007872378337197006, 0.0008059835527092218, 0.00031657840008847415, 0.0001826521329348907, 0.0002092964859912172, 0.0005678378511220217], "count": 957600.00000001}, "ret_rms": {"mean": -1403.8470791904385, "var": 2363187.0286033726, "count": 951600.00000001}, "norm_obs": true, "norm_rew": true, "clip_obs": 10.0, "clip_rew": 10.0, "gamma": 0.99, "eps": 1e-08}