{"obs_rms": {"mean": [2182.6337890625, 54.56741714477539, 11.933236122131348, 2.492980480194092, 1372.5880126953125, 4.291166305541992, 0.016577741131186485, 55.2664794921875, 18.936634063720703, 0.011250477284193039, 27.403125762939453, 5879.91259765625, 485.23291015625, 11.528379440307617, 174.5167999267578, 1.9083021879196167, 0.11441987752914429, 0.09821051359176636, 0.09247176349163055, 0.09122191369533539, 0.08968953043222427, 0.09313194453716278, 0.09537743777036667, 0.13449878990650177, 0.26039472222328186], "var": [8027237.0, 1848.8125, 46.79578399658203, 4.719665050506592, 8332578.0, 5.212496757507324, 0.004133769776672125, 1415.9107666015625, 20.401498794555664, 0.00672911386936903, 32.462188720703125, 54991908.0, 190309.5, 75.14868927001953, 398.4494323730469, 3.4457595348358154, 0.0009457037667743862, 0.0006556587759405375, 0.0006983301136642694, 0.0007535569020546973, 0.0007614849018864334, 0.00030195049475878477, 0.00018736948550213128, 0.00020927732111886144, 0.0005543602746911347], "count": 966000.00000001}, "ret_rms": {"mean": -1413.2339271941496, "var": 2383026.2536501708, "count": 960000.00000001}, "norm_obs": true, "norm_rew": true, "clip_obs": 10.0, "clip_rew": 10.0, "gamma": 0.99, "eps": 1e-08}