{"obs_rms": {"mean": [2202.354736328125, 55.414615631103516, 11.836065292358398, 2.4366888999938965, 1282.0361328125, 4.405983924865723, 0.014274765737354755, 54.145301818847656, 18.99144172668457, 0.013803641311824322, 27.402191162109375, 5611.31201171875, 490.8627624511719, 11.248114585876465, 174.5645751953125, 1.8397865295410156, 0.113486148416996, 0.09734906256198883, 0.09135352075099945, 0.08996429294347763, 0.08832323551177979, 0.09190956503152847, 0.0945538729429245, 0.1339028775691986, 0.25955691933631897], "var": [8111471.5, 1896.7344970703125, 49.44688034057617, 4.807326793670654, 7543503.0, 5.613311767578125, 0.003349056700244546, 1450.1051025390625, 20.40608787536621, 0.00816758070141077, 34.62990188598633, 51943032.0, 193556.671875, 78.79371643066406, 394.5539245605469, 3.387566089630127, 0.0009665717952884734, 0.0006783829885534942, 0.0007322015590034425, 0.0007908305269666016, 0.0008012423058971763, 0.0003165073285344988, 0.00018013485532719642, 0.0002036585210589692, 0.0005477151717059314], "count": 976500.00000001}, "ret_rms": {"mean": -1420.3304946155356, "var": 2385133.5588065307, "count": 970500.00000001}, "norm_obs": true, "norm_rew": true, "clip_obs": 10.0, "clip_rew": 10.0, "gamma": 0.99, "eps": 1e-08}