{"obs_rms": {"mean": [2164.292236328125, 54.53373718261719, 11.9657621383667, 2.4840686321258545, 1420.0633544921875, 4.366179466247559, 0.01792312227189541, 55.21090316772461, 18.848636627197266, 0.010547658428549767, 27.32969093322754, 5900.19873046875, 484.771484375, 11.52051830291748, 174.51702880859375, 1.901572823524475, 0.11476989835500717, 0.09840790182352066, 0.09265252947807312, 0.09142637997865677, 0.0897001326084137, 0.0929739698767662, 0.09526989609003067, 0.13443957269191742, 0.26024380326271057], "var": [7914164.5, 1843.195068359375, 47.372779846191406, 4.712595462799072, 8725826.0, 5.3716020584106445, 0.0044565056450665, 1443.56201171875, 20.352617263793945, 0.00611259276047349, 35.22230911254883, 55548648.0, 188389.75, 77.0846176147461, 398.3316955566406, 3.4717159271240234, 0.0009322468540631235, 0.0006618673796765506, 0.0007059859344735742, 0.000756873341742903, 0.0007820342434570193, 0.0003115724539384246, 0.00018557632574811578, 0.0002100508863804862, 0.0005549847846850753], "count": 965700.00000001}, "ret_rms": {"mean": -1403.5211486772603, "var": 2354854.9704563315, "count": 959700.00000001}, "norm_obs": true, "norm_rew": true, "clip_obs": 10.0, "clip_rew": 10.0, "gamma": 0.99, "eps": 1e-08}