{"obs_rms": {"mean": [270.6938171386719, 52.100013732910156, 12.134859085083008, 2.1643147468566895, 1394.728271484375, 4.453242301940918, 0.067266084253788, 55.45885467529297, 17.185932159423828, 0.008237151429057121, 28.446578979492188, 5182.10302734375, 101.08573913574219, 11.442436218261719, 175.3736572265625, 1.4257173538208008, 0.09084443002939224, 0.08458219468593597, 0.08285685628652573, 0.08406034111976624, 0.0827258750796318, 0.09110686182975769, 0.09181539714336395, 0.13135774433612823, 0.2561706006526947], "var": [1290331.875, 1711.1082763671875, 45.459266662597656, 3.993777275085449, 8101775.5, 4.941196441650391, 0.0168253555893898, 1359.4918212890625, 41.916717529296875, 0.0034873278345912695, 20.602157592773438, 42203292.0, 53094.91796875, 70.79316711425781, 413.9937744140625, 1.7922481298446655, 0.001335075474344194, 0.0006670071161352098, 0.0006426648469641805, 0.0005633394466713071, 0.0005227827932685614, 0.0001607514132047072, 0.00013286217290442437, 0.00016142688400577754, 0.00048465587315149605], "count": 780000.00000001}, "ret_rms": {"mean": -354.70115150967877, "var": 1529777.0105047845, "count": 775000.00000001}, "norm_obs": true, "norm_rew": true, "clip_obs": 10.0, "clip_rew": 10.0, "gamma": 0.99, "eps": 1e-08}