{"obs_rms": {"mean": [269.04901123046875, 52.100013732910156, 12.134859085083008, 2.1658191680908203, 1393.2171630859375, 4.453242301940918, 0.06645756214857101, 55.465904235839844, 17.185932159423828, 0.00841858983039856, 28.446578979492188, 5184.06787109375, 101.9985122680664, 11.442436218261719, 175.373291015625, 1.4298759698867798, 0.09083162993192673, 0.08456461876630783, 0.08284123241901398, 0.08397514373064041, 0.0826895609498024, 0.09111190587282181, 0.09182749688625336, 0.13136020302772522, 0.2562065124511719], "var": [1282007.625, 1711.1082763671875, 45.459266662597656, 3.99924635887146, 8100866.0, 4.941196441650391, 0.016633518040180206, 1360.0172119140625, 41.916717529296875, 0.0035945335403084755, 20.602157592773438, 42242228.0, 54243.6015625, 70.79316711425781, 413.9955139160156, 1.7996671199798584, 0.0013349135406315327, 0.0006680841906927526, 0.0006450300570577383, 0.0005685026990249753, 0.000526356918271631, 0.00016101071378216147, 0.00013308173220138997, 0.00016153830802068114, 0.0004845899238716811], "count": 780000.00000001}, "ret_rms": {"mean": -353.8606335984333, "var": 1524003.0996764763, "count": 775000.00000001}, "norm_obs": true, "norm_rew": true, "clip_obs": 10.0, "clip_rew": 10.0, "gamma": 0.99, "eps": 1e-08}