{"obs_rms": {"mean": [272.1803283691406, 52.100013732910156, 12.134859085083008, 2.1633899211883545, 1392.6009521484375, 4.453242301940918, 0.06712116301059723, 55.46217346191406, 17.185932159423828, 0.008306419476866722, 28.446578979492188, 5175.77685546875, 101.88677978515625, 11.442436218261719, 175.37245178222656, 1.424868106842041, 0.0908103808760643, 0.08458080142736435, 0.08286429941654205, 0.08403891324996948, 0.08269674330949783, 0.09109928458929062, 0.09182403236627579, 0.13137823343276978, 0.25619781017303467], "var": [1306658.875, 1711.1082763671875, 45.459266662597656, 3.993328094482422, 8090369.0, 4.941196441650391, 0.0168035589158535, 1359.6724853515625, 41.916717529296875, 0.0035399971529841423, 20.602157592773438, 42119568.0, 54609.62109375, 70.79316711425781, 414.0267028808594, 1.7900077104568481, 0.0013364776968955994, 0.0006692269234918058, 0.0006447085179388523, 0.0005668305675499141, 0.0005272758426144719, 0.00016211623733397573, 0.0001335303095402196, 0.0001619379036128521, 0.0004852539859712124], "count": 780000.00000001}, "ret_rms": {"mean": -357.0626830707733, "var": 1553918.5592140134, "count": 775000.00000001}, "norm_obs": true, "norm_rew": true, "clip_obs": 10.0, "clip_rew": 10.0, "gamma": 0.99, "eps": 1e-08}