{"obs_rms": {"mean": [270.13067626953125, 52.100013732910156, 12.134859085083008, 2.1604857444763184, 1390.121337890625, 4.453242301940918, 0.06746205687522888, 55.46001052856445, 17.185932159423828, 0.00840081088244915, 28.446578979492188, 5166.44677734375, 100.3536376953125, 11.442436218261719, 175.3738555908203, 1.4201490879058838, 0.09071195870637894, 0.0844859853386879, 0.08278653770685196, 0.08396005630493164, 0.08265867829322815, 0.09107472002506256, 0.09180516004562378, 0.1313440054655075, 0.2561364769935608], "var": [1294053.5, 1711.1082763671875, 45.459266662597656, 3.983780860900879, 8069762.5, 4.941196441650391, 0.016792787238955498, 1359.61328125, 41.916717529296875, 0.0035724185872823, 20.602157592773438, 41948660.0, 53180.8671875, 70.79316711425781, 414.0205993652344, 1.7782871723175049, 0.0013361107558012009, 0.0006676201592199504, 0.0006448046187870204, 0.0005666725337505341, 0.0005262947524897754, 0.00016143413085956126, 0.0001331021194346249, 0.0001615926157683134, 0.0004849277320317924], "count": 780000.00000001}, "ret_rms": {"mean": -353.5406200139872, "var": 1534437.2147972004, "count": 775000.00000001}, "norm_obs": true, "norm_rew": true, "clip_obs": 10.0, "clip_rew": 10.0, "gamma": 0.99, "eps": 1e-08}