{"obs_rms": {"mean": [270.0684814453125, 52.100013732910156, 12.134859085083008, 2.162450075149536, 1391.6112060546875, 4.453242301940918, 0.06727814674377441, 55.46355056762695, 17.185932159423828, 0.008266557939350605, 28.446578979492188, 5173.435546875, 101.56969451904297, 11.442436218261719, 175.37294006347656, 1.4223463535308838, 0.09079667180776596, 0.08454905450344086, 0.08283974975347519, 0.08404696732759476, 0.08271543681621552, 0.09110841900110245, 0.09181766957044601, 0.13136528432369232, 0.2561764419078827], "var": [1298911.75, 1711.1082763671875, 45.459266662597656, 3.989332437515259, 8082936.5, 4.941196441650391, 0.016782989725470543, 1359.813232421875, 41.916717529296875, 0.0035122910048812628, 20.602157592773438, 42067716.0, 54140.7265625, 70.79316711425781, 414.0147399902344, 1.7827882766723633, 0.0013349066721275449, 0.0006669873255304992, 0.0006439359858632088, 0.0005648577935062349, 0.0005245264037512243, 0.00016125182446558028, 0.00013333174865692854, 0.00016177176439668983, 0.00048499699914827943], "count": 780000.00000001}, "ret_rms": {"mean": -354.19120098662967, "var": 1538974.5819256608, "count": 775000.00000001}, "norm_obs": true, "norm_rew": true, "clip_obs": 10.0, "clip_rew": 10.0, "gamma": 0.99, "eps": 1e-08}