{"obs_rms": {"mean": [302.137451171875, 54.516963958740234, 11.95689868927002, 2.3485918045043945, 1267.887939453125, 4.351558685302734, 0.06917233765125275, 54.86691665649414, 18.96395492553711, 0.0007358409930020571, 27.473255157470703, 5272.1376953125, 515.8417358398438, 11.499397277832031, 174.06988525390625, 1.6022847890853882, 0.13497166335582733, 0.10832209885120392, 0.10077740997076035, 0.10099988430738449, 0.10004159063100815, 0.09809444099664688, 0.09828619658946991, 0.1381302922964096, 0.2647867202758789], "var": [1112779.5, 1843.991943359375, 47.86882400512695, 4.513018608093262, 7717970.5, 5.342368125915527, 0.017556870356202126, 1419.7415771484375, 20.565269470214844, 0.0005292396526783705, 33.78369140625, 48736216.0, 112177.1875, 77.40692901611328, 392.9079284667969, 2.8736002445220947, 0.00020096723164897412, 0.00021554467093665153, 0.0002432431501802057, 0.00024538079742342234, 0.00026000896468758583, 0.00015147436351981014, 0.00014920961984898895, 0.000181350638740696, 0.000499243033118546], "count": 1029373.00000001}, "ret_rms": {"mean": 0.0, "var": 1.0, "count": 1e-08}, "norm_obs": true, "norm_rew": false, "clip_obs": 10.0, "clip_rew": 10.0, "gamma": 0.99, "eps": 1e-08}