{"obs_rms": {"mean": [302.28839111328125, 54.484596252441406, 11.95905590057373, 2.3457939624786377, 1265.923828125, 4.350776672363281, 0.06915570795536041, 54.84195327758789, 18.964860916137695, 0.0008382288506254554, 27.472190856933594, 5262.29052734375, 515.904052734375, 11.493203163146973, 174.06764221191406, 1.5993599891662598, 0.13494181632995605, 0.10828757286071777, 0.10074932873249054, 0.10098516196012497, 0.10002986341714859, 0.09809522330760956, 0.09828616678714752, 0.13813181221485138, 0.2647751569747925], "var": [1117308.875, 1844.8011474609375, 48.0480842590332, 4.515225410461426, 7716949.5, 5.343824863433838, 0.017510348930954933, 1417.236083984375, 20.5578556060791, 0.0006061290623620152, 33.928287506103516, 48649060.0, 112651.71875, 77.51053619384766, 393.2259521484375, 2.8717784881591797, 0.00020315696019679308, 0.00021680320787709206, 0.00024487340124323964, 0.0002472494379617274, 0.0002618076396174729, 0.0001522098173154518, 0.0001494874304626137, 0.00018159762839786708, 0.0005000969977118075], "count": 1028537.00000001}, "ret_rms": {"mean": 0.0, "var": 1.0, "count": 1e-08}, "norm_obs": true, "norm_rew": false, "clip_obs": 10.0, "clip_rew": 10.0, "gamma": 0.99, "eps": 1e-08}