{"obs_rms": {"mean": [301.4854736328125, 54.50762176513672, 11.960493087768555, 2.3427212238311768, 1264.0689697265625, 4.352001190185547, 0.06959231197834015, 54.86659622192383, 18.966922760009766, 0.0008362446096725762, 27.469974517822266, 5258.6474609375, 515.5706787109375, 11.497136116027832, 174.0719451904297, 1.598103404045105, 0.1349310725927353, 0.10827478766441345, 0.10074077546596527, 0.10097132623195648, 0.10001767426729202, 0.09809158742427826, 0.09827917069196701, 0.1381245255470276, 0.2647588551044464], "var": [1111123.25, 1844.4224853515625, 48.03057861328125, 4.511044025421143, 7710305.0, 5.3485941886901855, 0.017700236290693283, 1421.0916748046875, 20.53795051574707, 0.0005977392429485917, 33.94361114501953, 48681784.0, 111788.2421875, 77.49620056152344, 392.96136474609375, 2.876898765563965, 0.00020284834317862988, 0.0002169023355236277, 0.00024481795844621956, 0.0002469689061399549, 0.00026167515898123384, 0.00015160419570747763, 0.00014925604045856744, 0.00018134666606783867, 0.0004993549664504826], "count": 1029299.00000001}, "ret_rms": {"mean": 0.0, "var": 1.0, "count": 1e-08}, "norm_obs": true, "norm_rew": false, "clip_obs": 10.0, "clip_rew": 10.0, "gamma": 0.99, "eps": 1e-08}