{"obs_rms": {"mean": [300.1906433105469, 54.47531509399414, 11.961572647094727, 2.346846342086792, 1266.7015380859375, 4.35422420501709, 0.06965696066617966, 54.863304138183594, 18.961105346679688, 0.0007644688012078404, 27.473186492919922, 5270.69091796875, 516.0374145507812, 11.505389213562012, 174.0634002685547, 1.6005172729492188, 0.13498003780841827, 0.10831595212221146, 0.1007821336388588, 0.10101424157619476, 0.10005425661802292, 0.09810956567525864, 0.09830781817436218, 0.13814586400985718, 0.26483476161956787], "var": [1105218.0, 1844.523681640625, 48.00542068481445, 4.514534950256348, 7702543.5, 5.3564863204956055, 0.017729513347148895, 1421.7694091796875, 20.544191360473633, 0.0005593153764493763, 33.86542892456055, 48696728.0, 113053.3046875, 77.58441925048828, 393.2716064453125, 2.871985912322998, 0.00019897114543709904, 0.00021558778826147318, 0.00024441120331175625, 0.0002470760955475271, 0.00026177812833338976, 0.00015296024503186345, 0.00015002035070210695, 0.0001819298486225307, 0.0005003166734240949], "count": 1028441.00000001}, "ret_rms": {"mean": 0.0, "var": 1.0, "count": 1e-08}, "norm_obs": true, "norm_rew": false, "clip_obs": 10.0, "clip_rew": 10.0, "gamma": 0.99, "eps": 1e-08}