{"obs_rms": {"mean": [302.8752746582031, 54.51070022583008, 11.956789016723633, 2.3470966815948486, 1263.5006103515625, 4.350279808044434, 0.06909806281328201, 54.83721923828125, 18.966476440429688, 0.0008754786686040461, 27.464933395385742, 5263.07373046875, 515.54638671875, 11.499617576599121, 174.06834411621094, 1.6004798412322998, 0.13494934141635895, 0.10826830565929413, 0.10071591287851334, 0.10092481970787048, 0.09995829313993454, 0.09806003421545029, 0.09825511276721954, 0.13810448348522186, 0.264749139547348], "var": [1131381.5, 1845.41748046875, 48.06219482421875, 4.516585826873779, 7692808.0, 5.344010353088379, 0.017522409558296204, 1414.8338623046875, 20.556217193603516, 0.0006432762020267546, 34.00153732299805, 48634556.0, 111407.765625, 77.54095458984375, 393.0738220214844, 2.872622013092041, 0.0002030994073720649, 0.00021676132746506482, 0.00024480040883645415, 0.00024785808636806905, 0.00026293209521099925, 0.00015228545817080885, 0.00014904505223967135, 0.0001812185364542529, 0.0004993783659301698], "count": 1029035.00000001}, "ret_rms": {"mean": 0.0, "var": 1.0, "count": 1e-08}, "norm_obs": true, "norm_rew": false, "clip_obs": 10.0, "clip_rew": 10.0, "gamma": 0.99, "eps": 1e-08}