{"obs_rms": {"mean": [2137.218505859375, 53.886077880859375, 12.05002212524414, 2.5764224529266357, 1467.7860107421875, 4.32566499710083, 0.016651839017868042, 55.345436096191406, 18.92475128173828, 0.001805866602808237, 27.578025817871094, 6104.73095703125, 617.4468994140625, 11.522356033325195, 174.419921875, 1.9567291736602783, 0.124278225004673, 0.10492539405822754, 0.09876486659049988, 0.09729547053575516, 0.09511206299066544, 0.09603027999401093, 0.0974293127655983, 0.13641628623008728, 0.2631707191467285], "var": [7639510.5, 1813.60498046875, 48.22100830078125, 4.922552108764648, 9170688.0, 5.25837516784668, 0.004057914484292269, 1433.626220703125, 20.357030868530273, 0.0010005513904616237, 33.37284469604492, 58646272.0, 178138.578125, 75.67389678955078, 399.67724609375, 3.5698349475860596, 0.0005602413439191878, 0.0004885813104920089, 0.0005219599115662277, 0.0005846797139383852, 0.0006363888969644904, 0.0002559900167398155, 0.00018116802675649524, 0.00020603943266905844, 0.0005348906270228326], "count": 957600.00000001}, "ret_rms": {"mean": -1057.816237535617, "var": 1617641.9226990389, "count": 951600.00000001}, "norm_obs": true, "norm_rew": true, "clip_obs": 10.0, "clip_rew": 10.0, "gamma": 0.99, "eps": 1e-08}