{"obs_rms": {"mean": [2181.329833984375, 55.414615631103516, 11.836065292358398, 2.516047954559326, 1356.6182861328125, 4.405983924865723, 0.016718409955501556, 54.232295989990234, 18.99144172668457, 0.002281263004988432, 27.402191162109375, 5841.376953125, 630.4110107421875, 11.248114585876465, 174.40431213378906, 1.8982772827148438, 0.12376006692647934, 0.10468632727861404, 0.09853275120258331, 0.09711670875549316, 0.09510113298892975, 0.09576117992401123, 0.09725039452314377, 0.13630904257297516, 0.2630970776081085], "var": [7848727.0, 1896.7344970703125, 49.44688034057617, 4.994059085845947, 8351467.5, 5.613311767578125, 0.003890024730935693, 1456.2901611328125, 20.40608787536621, 0.0012601629132404923, 34.62990188598633, 56066248.0, 186412.71875, 78.79371643066406, 392.2491760253906, 3.5898730754852295, 0.000573089113458991, 0.0004988284781575203, 0.0005346537800505757, 0.0006024864269420505, 0.0006473331013694406, 0.00025769154308363795, 0.00017687345098238438, 0.00020188707276247442, 0.0005249773967079818], "count": 976500.00000001}, "ret_rms": {"mean": -1069.888364434775, "var": 1626969.5767738954, "count": 970500.00000001}, "norm_obs": true, "norm_rew": true, "clip_obs": 10.0, "clip_rew": 10.0, "gamma": 0.99, "eps": 1e-08}