{"obs_rms": {"mean": [2143.448974609375, 54.53373718261719, 11.9657621383667, 2.556591749191284, 1479.55419921875, 4.366179466247559, 0.018650956451892853, 55.2920036315918, 18.848636627197266, 0.0011974243680015206, 27.32969093322754, 6087.95703125, 621.4912719726562, 11.52051830291748, 174.3430938720703, 1.9593504667282104, 0.1247483417391777, 0.1056387722492218, 0.09970494359731674, 0.09849576652050018, 0.09651409089565277, 0.09694678336381912, 0.09802842885255814, 0.1369423270225525, 0.26370030641555786], "var": [7661823.5, 1843.195068359375, 47.372779846191406, 4.868556499481201, 9339627.0, 5.3716020584106445, 0.004571851808577776, 1449.470947265625, 20.352617263793945, 0.0006321220425888896, 35.22230911254883, 58690728.0, 182054.859375, 77.0846176147461, 395.8934020996094, 3.626904249191284, 0.0005478722741827369, 0.00047708049532957375, 0.0005072976928204298, 0.0005626788479276001, 0.0006116313161328435, 0.0002490439510438591, 0.00018459212151356041, 0.00020968023454770446, 0.0005355753237381577], "count": 965700.00000001}, "ret_rms": {"mean": -1055.9135391705825, "var": 1607893.3976042853, "count": 959700.00000001}, "norm_obs": true, "norm_rew": true, "clip_obs": 10.0, "clip_rew": 10.0, "gamma": 0.99, "eps": 1e-08}