{"obs_rms": {"mean": [2160.513427734375, 54.56741714477539, 11.933236122131348, 2.566385507583618, 1452.5107421875, 4.291166305541992, 0.017722392454743385, 55.31630325317383, 18.936634063720703, 0.001856336835771799, 27.403125762939453, 6087.30810546875, 622.8897094726562, 11.528379440307617, 174.34796142578125, 1.960145354270935, 0.12435413897037506, 0.10520000010728836, 0.0991942435503006, 0.09785225242376328, 0.09594901651144028, 0.0966881811618805, 0.09794879704713821, 0.13681867718696594, 0.26369839906692505], "var": [7764953.0, 1848.8125, 46.79578399658203, 4.866003513336182, 9073327.0, 5.212496757507324, 0.004337000194936991, 1418.9222412109375, 20.401498794555664, 0.0010428682435303926, 32.462188720703125, 58592296.0, 183470.9375, 75.14868927001953, 396.1298828125, 3.5810763835906982, 0.000562158296816051, 0.00048586062621325254, 0.0005182213499210775, 0.0005844113184139132, 0.0006289839511737227, 0.0002582078450359404, 0.00018825448933057487, 0.0002102703001582995, 0.000534633407369256], "count": 966000.00000001}, "ret_rms": {"mean": -1064.377103974472, "var": 1625433.2281608388, "count": 960000.00000001}, "norm_obs": true, "norm_rew": true, "clip_obs": 10.0, "clip_rew": 10.0, "gamma": 0.99, "eps": 1e-08}