{"obs_rms": {"mean": [2168.831787109375, 54.82550811767578, 11.896048545837402, 2.5603201389312744, 1442.5235595703125, 4.329155921936035, 0.01719493605196476, 55.078060150146484, 18.978805541992188, 0.0015044676838442683, 27.428857803344727, 6034.08984375, 626.72509765625, 11.410052299499512, 174.4106903076172, 1.9510117769241333, 0.12447725236415863, 0.1052345559000969, 0.09903378039598465, 0.09746977686882019, 0.09533482044935226, 0.0961017906665802, 0.09736709296703339, 0.13639122247695923, 0.2632181644439697], "var": [7821333.5, 1860.3974609375, 47.81497573852539, 4.9096550941467285, 9009736.0, 5.320788860321045, 0.004049200564622879, 1442.37109375, 19.991565704345703, 0.0008064515423029661, 34.05396270751953, 58355116.0, 183548.890625, 76.13414001464844, 395.0534973144531, 3.6039695739746094, 0.0005522489664144814, 0.0004801867180503905, 0.0005082788411527872, 0.0005690884427167475, 0.0006186465616337955, 0.00024263557861559093, 0.00017363979713991284, 0.00020076303917448968, 0.0005233201081864536], "count": 969000.00000001}, "ret_rms": {"mean": -1067.333762402823, "var": 1634304.2432022507, "count": 963000.00000001}, "norm_obs": true, "norm_rew": true, "clip_obs": 10.0, "clip_rew": 10.0, "gamma": 0.99, "eps": 1e-08}