{"obs_rms": {"mean": [907.0032958984375, 52.103450775146484, 12.134156227111816, 2.2985639572143555, 1440.939453125, 4.4489264488220215, 0.04097919166088104, 55.5296630859375, 17.191408157348633, 0.005098475143313408, 28.44930648803711, 5532.0400390625, 218.62185668945312, 11.441603660583496, 176.6593780517578, 1.6438857316970825, 0.10200586169958115, 0.09024588763713837, 0.08731091022491455, 0.08727346360683441, 0.08662649244070053, 0.09290816634893417, 0.09372302889823914, 0.1328277289867401, 0.25847941637039185], "var": [4830096.0, 1714.57177734375, 45.37534713745117, 4.382067680358887, 8631171.0, 4.951720237731934, 0.010112122632563114, 1364.164794921875, 41.883392333984375, 0.0022729490883648396, 20.590238571166992, 46838480.0, 121631.5078125, 70.8439712524414, 410.80218505859375, 2.329719066619873, 0.0012791006593033671, 0.0006751604960300028, 0.0006938334554433823, 0.0006853067316114902, 0.0006108483648858964, 0.00020427332492545247, 0.00016548321582376957, 0.0001886851532617584, 0.0005118608241900802], "count": 312000.00000001}, "ret_rms": {"mean": -616.0251310379447, "var": 1601155.540384216, "count": 310000.00000001}, "norm_obs": true, "norm_rew": true, "clip_obs": 10.0, "clip_rew": 10.0, "gamma": 0.99, "eps": 1e-08}