{"obs_rms": {"mean": [7757.392578125, 52.103450775146484, 12.134156227111816, 2.4042510986328125, 1531.303955078125, 4.4489264488220215, 0.00031829028739593923, 55.67034149169922, 17.191408157348633, 0.0050896089524030685, 28.44930648803711, 5979.46826171875, 157.55029296875, 11.441603660583496, 176.90805053710938, 1.8792214393615723, 0.0984450951218605, 0.08738196641206741, 0.08430636674165726, 0.08346123993396759, 0.08201459050178528, 0.09133890271186829, 0.09283633530139923, 0.13192081451416016, 0.25779297947883606], "var": [18321834.0, 1714.57177734375, 45.37534713745117, 4.700308799743652, 9682479.0, 4.951720237731934, 3.656428589238203e-06, 1379.421142578125, 41.883392333984375, 0.002138277981430292, 20.590238571166992, 53888628.0, 91664.890625, 70.8439712524414, 410.5812683105469, 2.8962326049804688, 0.0012925539631396532, 0.0006742191617377102, 0.000730082334484905, 0.0007609811145812273, 0.0007165129063650966, 0.00019989474094472826, 0.00015274275210686028, 0.0001783339976100251, 0.0004973495961166918], "count": 312000.00000001}, "ret_rms": {"mean": -107.58990415218288, "var": 57767.28948638142, "count": 310000.00000001}, "norm_obs": true, "norm_rew": true, "clip_obs": 10.0, "clip_rew": 10.0, "gamma": 0.99, "eps": 1e-08}