{"obs_rms": {"mean": [2683.366455078125, 54.56741714477539, 11.933236122131348, 2.4753239154815674, 1347.6199951171875, 4.291166305541992, 0.0053549413569271564, 55.26288604736328, 18.936634063720703, 0.01907901093363762, 27.403125762939453, 5882.44091796875, 524.1188354492188, 11.528379440307617, 174.46461486816406, 1.9454870223999023, 0.11458057165145874, 0.09864308685064316, 0.09270317107439041, 0.09147995710372925, 0.08984465152025223, 0.09372161328792572, 0.09602934122085571, 0.13490311801433563, 0.26131466031074524], "var": [8837356.0, 1848.8125, 46.79578399658203, 4.720093727111816, 8074605.5, 5.212496757507324, 0.0014401397202163935, 1416.5672607421875, 20.401498794555664, 0.012113247998058796, 32.462188720703125, 54570408.0, 190378.9375, 75.14868927001953, 398.1130676269531, 3.508521556854248, 0.000978306052275002, 0.0007093788008205593, 0.0007587975705973804, 0.000805767544079572, 0.0008208337821997702, 0.0002975354145746678, 0.0001838107273215428, 0.00020773857249878347, 0.0005475882790051401], "count": 966000.00000001}, "ret_rms": {"mean": -6925.936878059742, "var": 74306467.98919736, "count": 960000.00000001}, "norm_obs": true, "norm_rew": true, "clip_obs": 10.0, "clip_rew": 10.0, "gamma": 0.99, "eps": 1e-08}