{"obs_rms": {"mean": [2658.30419921875, 53.886077880859375, 12.05002212524414, 2.4661741256713867, 1364.1956787109375, 4.32566499710083, 0.00470478693023324, 55.20123291015625, 18.92475128173828, 0.022550439462065697, 27.578025817871094, 5897.04638671875, 517.578857421875, 11.522356033325195, 174.5283660888672, 1.9272738695144653, 0.11344478279352188, 0.09755793958902359, 0.0913429781794548, 0.0899270698428154, 0.08815595507621765, 0.09258342534303665, 0.09539155662059784, 0.13435685634613037, 0.2604261040687561], "var": [8704781.0, 1813.60498046875, 48.22100830078125, 4.7432861328125, 8176992.0, 5.25837516784668, 0.001205241889692843, 1422.8890380859375, 20.357030868530273, 0.014203946106135845, 33.37284469604492, 54674172.0, 186262.9375, 75.67389678955078, 401.6877746582031, 3.4545295238494873, 0.0010347760980948806, 0.0007532424642704427, 0.0008104113512672484, 0.0008595196413807571, 0.0008792912121862173, 0.0003163302899338305, 0.00017915808712132275, 0.00020758975006174296, 0.0005604102043434978], "count": 957600.00000001}, "ret_rms": {"mean": -6690.432097830405, "var": 70438543.1689327, "count": 951600.00000001}, "norm_obs": true, "norm_rew": true, "clip_obs": 10.0, "clip_rew": 10.0, "gamma": 0.99, "eps": 1e-08}