{"obs_rms": {"mean": [2684.5224609375, 54.82550811767578, 11.896048545837402, 2.461812734603882, 1354.2515869140625, 4.329155921936035, 0.004497900605201721, 54.96653366088867, 18.978805541992188, 0.020433776080608368, 27.428857803344727, 5851.48486328125, 525.5787963867188, 11.410052299499512, 174.5229949951172, 1.9269533157348633, 0.11398106813430786, 0.09799796342849731, 0.0917898416519165, 0.0901309996843338, 0.08826399594545364, 0.09256398677825928, 0.09532899409532547, 0.1343330442905426, 0.2605339586734772], "var": [8879434.0, 1860.3974609375, 47.81497573852539, 4.738677501678467, 8149919.0, 5.320788860321045, 0.001065711141563952, 1433.6427001953125, 19.991565704345703, 0.012646920047700405, 34.05396270751953, 54758900.0, 191641.828125, 76.13414001464844, 397.0938415527344, 3.4896605014801025, 0.0010034292936325073, 0.0007317807758226991, 0.0007809182861819863, 0.0008428593282587826, 0.0008746826788410544, 0.0003105023643001914, 0.00017278683662880212, 0.00020142791618127376, 0.0005431195604614913], "count": 969000.00000001}, "ret_rms": {"mean": -6820.831341858526, "var": 73390820.26308098, "count": 963000.00000001}, "norm_obs": true, "norm_rew": true, "clip_obs": 10.0, "clip_rew": 10.0, "gamma": 0.99, "eps": 1e-08}