{"obs_rms": {"mean": [2711.960205078125, 55.414615631103516, 11.836065292358398, 2.4056310653686523, 1259.917236328125, 4.405983924865723, 0.00419987365603447, 54.09159469604492, 18.99144172668457, 0.02355046197772026, 27.402191162109375, 5593.54150390625, 530.676025390625, 11.248114585876465, 174.51466369628906, 1.8629533052444458, 0.11337126046419144, 0.09764321893453598, 0.09148994833230972, 0.09019402414560318, 0.08857078850269318, 0.0926201269030571, 0.09530606120824814, 0.13440530002117157, 0.2606174051761627], "var": [8922522.0, 1896.7344970703125, 49.44688034057617, 4.785543918609619, 7342047.0, 5.613311767578125, 0.0010466368403285742, 1445.8734130859375, 20.40608787536621, 0.01478212047368288, 34.62990188598633, 51336248.0, 193959.21875, 78.79371643066406, 394.1528625488281, 3.411604166030884, 0.0010300367139279842, 0.0007486240356229246, 0.0008057485101744533, 0.0008547426550649107, 0.0008651106618344784, 0.0003093696432188153, 0.00017593841766938567, 0.0002020389656536281, 0.0005402155802585185], "count": 976500.00000001}, "ret_rms": {"mean": -6836.890601125489, "var": 72222904.73873453, "count": 970500.00000001}, "norm_obs": true, "norm_rew": true, "clip_obs": 10.0, "clip_rew": 10.0, "gamma": 0.99, "eps": 1e-08}