{"obs_rms": {"mean": [2666.884033203125, 54.53373718261719, 11.9657621383667, 2.474390983581543, 1412.2076416015625, 4.366179466247559, 0.00519711896777153, 55.20630645751953, 18.848636627197266, 0.01856294274330139, 27.32969093322754, 5956.740234375, 524.1871948242188, 11.52051830291748, 174.45689392089844, 1.954519271850586, 0.11481261253356934, 0.09878041595220566, 0.09286219626665115, 0.0916316881775856, 0.08994178473949432, 0.09361603111028671, 0.09598486125469208, 0.13493813574314117, 0.26122069358825684], "var": [8753106.0, 1843.195068359375, 47.372779846191406, 4.741883277893066, 8609935.0, 5.3716020584106445, 0.0012887715129181743, 1443.8680419921875, 20.352617263793945, 0.011440807953476906, 35.22230911254883, 56000864.0, 189805.75, 77.0846176147461, 397.945556640625, 3.5665111541748047, 0.0009805848821997643, 0.0007222437998279929, 0.0007725597824901342, 0.0008230734383687377, 0.0008482250850647688, 0.00030935820541344583, 0.00018190228729508817, 0.00020813089213334024, 0.0005459706881083548], "count": 965700.00000001}, "ret_rms": {"mean": -6864.447258798962, "var": 72780718.08043113, "count": 959700.00000001}, "norm_obs": true, "norm_rew": true, "clip_obs": 10.0, "clip_rew": 10.0, "gamma": 0.99, "eps": 1e-08}