{"obs_rms": {"mean": [297.77252197265625, 52.100013732910156, 12.134859085083008, 2.220245599746704, 1424.8868408203125, 4.453242301940918, 0.060166288167238235, 55.48344802856445, 17.185932159423828, 0.005696155596524477, 28.446578979492188, 5317.748046875, 113.2591323852539, 11.442436218261719, 175.36260986328125, 1.497841715812683, 0.09343965351581573, 0.08480698615312576, 0.0822676494717598, 0.08321993052959442, 0.08336678147315979, 0.09120660275220871, 0.09194311499595642, 0.13133783638477325, 0.256215363740921], "var": [1422581.5, 1711.1082763671875, 45.459266662597656, 4.178133010864258, 8422319.0, 4.941196441650391, 0.014956066384911537, 1361.312744140625, 41.916717529296875, 0.0024852619972079992, 20.602157592773438, 43990576.0, 58394.88671875, 70.79316711425781, 414.0343933105469, 1.959507703781128, 0.001264581922441721, 0.000646975648123771, 0.0006984652718529105, 0.000631697301287204, 0.0005160177242942154, 0.00016529644199181348, 0.00013593901530839503, 0.00016496128228027374, 0.0004891984281130135], "count": 780000.00000001}, "ret_rms": {"mean": -816.489955219354, "var": 12420833.651985232, "count": 775000.00000001}, "norm_obs": true, "norm_rew": true, "clip_obs": 10.0, "clip_rew": 10.0, "gamma": 0.99, "eps": 1e-08}