{"obs_rms": {"mean": [296.517333984375, 52.100013732910156, 12.134859085083008, 2.223834276199341, 1426.3287353515625, 4.453242301940918, 0.05938653647899628, 55.49003601074219, 17.185932159423828, 0.005645278375595808, 28.446578979492188, 5326.42529296875, 113.64149475097656, 11.442436218261719, 175.3609619140625, 1.5024311542510986, 0.09352237731218338, 0.08484874665737152, 0.0823109969496727, 0.08322859555482864, 0.08335956931114197, 0.0911920815706253, 0.09195056557655334, 0.1313495934009552, 0.25625064969062805], "var": [1415587.125, 1711.1082763671875, 45.459266662597656, 4.186079502105713, 8441606.0, 4.941196441650391, 0.014619339257478714, 1361.7066650390625, 41.916717529296875, 0.0024779029190540314, 20.602157592773438, 44118744.0, 59282.10546875, 70.79316711425781, 414.05169677734375, 1.9626119136810303, 0.001264882623218, 0.0006464768084697425, 0.0006978073506616056, 0.000632351147942245, 0.0005173962563276291, 0.00016652001067996025, 0.00013644831778947264, 0.00016542879166081548, 0.0004897264298051596], "count": 780000.00000001}, "ret_rms": {"mean": -813.2297636451042, "var": 12409443.152585754, "count": 775000.00000001}, "norm_obs": true, "norm_rew": true, "clip_obs": 10.0, "clip_rew": 10.0, "gamma": 0.99, "eps": 1e-08}