{"obs_rms": {"mean": [296.31683349609375, 52.100013732910156, 12.134859085083008, 2.2235803604125977, 1429.441650390625, 4.453242301940918, 0.059467863291502, 55.48947525024414, 17.185932159423828, 0.005447077564895153, 28.446578979492188, 5327.75, 114.2080307006836, 11.442436218261719, 175.3605194091797, 1.5013059377670288, 0.09357529878616333, 0.08490754663944244, 0.08236803859472275, 0.08329419046640396, 0.08342607319355011, 0.0912117287516594, 0.09195359796285629, 0.13135619461536407, 0.25627565383911133], "var": [1414754.375, 1711.1082763671875, 45.459266662597656, 4.185414791107178, 8476146.0, 4.941196441650391, 0.014630507677793503, 1361.7044677734375, 41.916717529296875, 0.00235627219080925, 20.602157592773438, 44217392.0, 58998.15234375, 70.79316711425781, 414.0467224121094, 1.9637490510940552, 0.0012658885680139065, 0.000646097760181874, 0.0006957302684895694, 0.0006309529417194426, 0.0005159237771295011, 0.0001658964465605095, 0.00013641451369039714, 0.00016539465286768973, 0.0004897828912362456], "count": 780000.00000001}, "ret_rms": {"mean": -812.2573008830074, "var": 12335386.320414916, "count": 775000.00000001}, "norm_obs": true, "norm_rew": true, "clip_obs": 10.0, "clip_rew": 10.0, "gamma": 0.99, "eps": 1e-08}