{"obs_rms": {"mean": [296.56085205078125, 52.100013732910156, 12.134859085083008, 2.224499225616455, 1426.7708740234375, 4.453242301940918, 0.05898462235927582, 55.49172592163086, 17.185932159423828, 0.005686569027602673, 28.446578979492188, 5328.109375, 112.2828369140625, 11.442436218261719, 175.36477661132812, 1.505078911781311, 0.09346549212932587, 0.08478911966085434, 0.08226817846298218, 0.08311820030212402, 0.08324065804481506, 0.0911468043923378, 0.09191998094320297, 0.13131490349769592, 0.2562081515789032], "var": [1400234.75, 1711.1082763671875, 45.459266662597656, 4.187896728515625, 8455417.0, 4.941196441650391, 0.014493056572973728, 1361.7860107421875, 41.916717529296875, 0.0025220320094376802, 20.602157592773438, 44191560.0, 56959.2109375, 70.79316711425781, 414.0443420410156, 1.9719913005828857, 0.0012626445386558771, 0.0006440647412091494, 0.0006952639087103307, 0.000631981180049479, 0.0005173888057470322, 0.00016583259275648743, 0.000135311609483324, 0.00016431976109743118, 0.00048821355449035764], "count": 780000.00000001}, "ret_rms": {"mean": -810.1193273612975, "var": 12212382.187175939, "count": 775000.00000001}, "norm_obs": true, "norm_rew": true, "clip_obs": 10.0, "clip_rew": 10.0, "gamma": 0.99, "eps": 1e-08}