{"obs_rms": {"mean": [297.462646484375, 52.100013732910156, 12.134859085083008, 2.2225582599639893, 1427.686279296875, 4.453242301940918, 0.05925421789288521, 55.49033737182617, 17.185932159423828, 0.005686221178621054, 28.446578979492188, 5324.98681640625, 111.69168090820312, 11.442436218261719, 175.3645782470703, 1.5014572143554688, 0.09345076978206635, 0.08479204773902893, 0.08226469159126282, 0.08320528268814087, 0.08331096172332764, 0.09116586297750473, 0.0919240266084671, 0.13131709396839142, 0.2561826705932617], "var": [1407770.25, 1711.1082763671875, 45.459266662597656, 4.1847710609436035, 8458055.0, 4.941196441650391, 0.014615255407989025, 1361.72412109375, 41.916717529296875, 0.0024999130982905626, 20.602157592773438, 44144132.0, 56541.86328125, 70.79316711425781, 414.02850341796875, 1.9641810655593872, 0.0012639911146834493, 0.0006443435559049249, 0.0006949955131858587, 0.0006283411639742553, 0.0005144760361872613, 0.00016506174870301038, 0.00013519564527086914, 0.0001642961142351851, 0.0004883654182776809], "count": 780000.00000001}, "ret_rms": {"mean": -813.676718704883, "var": 12327431.559536975, "count": 775000.00000001}, "norm_obs": true, "norm_rew": true, "clip_obs": 10.0, "clip_rew": 10.0, "gamma": 0.99, "eps": 1e-08}