{"obs_rms": {"mean": [193.8258514404297, 54.433284759521484, 11.956751823425293, 1.097930908203125, 386.8352966308594, 4.353830337524414, 0.08796673268079758, 52.88960266113281, 18.959999084472656, 0.13648054003715515, 27.46941566467285, 2177.803466796875, 29.197734832763672, 11.498701095581055, 174.96607971191406, 0.6403924822807312, 0.06819166988134384, 0.07008671015501022, 0.06932786107063293, 0.07035225629806519, 0.07010719925165176, 0.08239864557981491, 0.08779151737689972, 0.12747834622859955, 0.24988624453544617], "var": [748195.3125, 1843.1470947265625, 47.91557312011719, 1.5603829622268677, 1140984.5, 5.358433723449707, 0.02362852916121483, 1281.5504150390625, 20.552671432495117, 0.08626303821802139, 33.86372756958008, 9215082.0, 34892.23828125, 77.5730209350586, 404.96923828125, 0.5879563689231873, 0.0014686264330521226, 0.0009018646669574082, 0.0008576894761063159, 0.000831034267321229, 0.0008164140162989497, 0.00031149282585829496, 0.00011408605496399105, 0.0001443892251700163, 0.0004694970848504454], "count": 1027771.00000001}, "ret_rms": {"mean": 0.0, "var": 1.0, "count": 1e-08}, "norm_obs": true, "norm_rew": false, "clip_obs": 10.0, "clip_rew": 10.0, "gamma": 0.99, "eps": 1e-08}