{"obs_rms": {"mean": [195.7019500732422, 54.441734313964844, 11.954487800598145, 1.102946400642395, 391.3191833496094, 4.350436687469482, 0.0859503522515297, 52.84387969970703, 18.963804244995117, 0.13688912987709045, 27.468881607055664, 2188.41845703125, 29.913551330566406, 11.486680030822754, 174.96536254882812, 0.6454789042472839, 0.06811878830194473, 0.07004334032535553, 0.06929116696119308, 0.07028906047344208, 0.07001584023237228, 0.0823402851819992, 0.08779333531856537, 0.1274985373020172, 0.24993281066417694], "var": [767608.3125, 1843.263916015625, 47.97697448730469, 1.5743824243545532, 1174003.5, 5.345490455627441, 0.023097330704331398, 1280.5185546875, 20.567073822021484, 0.08667577058076859, 33.931907653808594, 9361425.0, 36058.9375, 77.15432739257812, 404.88885498046875, 0.5947931408882141, 0.0014735559234395623, 0.0009033351088874042, 0.0008578391862101853, 0.000832564546726644, 0.0008195108384825289, 0.00031268768361769617, 0.0001134800331783481, 0.0001439771003788337, 0.0004681575228460133], "count": 1027867.00000001}, "ret_rms": {"mean": 0.0, "var": 1.0, "count": 1e-08}, "norm_obs": true, "norm_rew": false, "clip_obs": 10.0, "clip_rew": 10.0, "gamma": 0.99, "eps": 1e-08}