{"obs_rms": {"mean": [197.58740234375, 54.46657943725586, 11.951790809631348, 1.1005693674087524, 383.8362731933594, 4.349931716918945, 0.08744820952415466, 52.85628890991211, 18.965349197387695, 0.13664080202579498, 27.46131706237793, 2178.11376953125, 30.283733367919922, 11.493260383605957, 174.96469116210938, 0.6435355544090271, 0.06815024465322495, 0.07005193084478378, 0.06929630041122437, 0.07029198110103607, 0.07005129009485245, 0.08231998980045319, 0.08779262006282806, 0.12748181819915771, 0.24990221858024597], "var": [788699.6875, 1844.4842529296875, 47.996437072753906, 1.572212815284729, 1144123.375, 5.3464226722717285, 0.023452065885066986, 1280.3543701171875, 20.565380096435547, 0.08655443787574768, 34.001861572265625, 9282203.0, 35962.10546875, 77.53458404541016, 404.7518615722656, 0.5962527990341187, 0.001471978728659451, 0.0009036342962644994, 0.0008582366863265634, 0.0008330314885824919, 0.0008167186169885099, 0.0003147294919472188, 0.00011326611274853349, 0.00014379603089764714, 0.00046789043699391186], "count": 1028338.00000001}, "ret_rms": {"mean": 0.0, "var": 1.0, "count": 1e-08}, "norm_obs": true, "norm_rew": false, "clip_obs": 10.0, "clip_rew": 10.0, "gamma": 0.99, "eps": 1e-08}