{"obs_rms": {"mean": [195.58035278320312, 54.4610710144043, 11.955262184143066, 1.100630521774292, 394.19659423828125, 4.351598262786865, 0.08545955270528793, 52.86015701293945, 18.965791702270508, 0.1376897096633911, 27.46591567993164, 2186.232421875, 29.46144676208496, 11.4898681640625, 174.96612548828125, 0.6439189910888672, 0.06807687133550644, 0.0699763149023056, 0.06923075020313263, 0.07022774964570999, 0.06998813897371292, 0.08232384920120239, 0.08777981251478195, 0.1274375021457672, 0.24987725913524628], "var": [745927.3125, 1843.557373046875, 47.98664855957031, 1.5641493797302246, 1182384.375, 5.350826740264893, 0.023188907653093338, 1279.5806884765625, 20.547809600830078, 0.0869479775428772, 33.94314193725586, 9310349.0, 35473.328125, 77.24319458007812, 404.6766052246094, 0.5904840230941772, 0.0014712176052853465, 0.0009039017604663968, 0.0008589092758484185, 0.0008340286440216005, 0.0008189610089175403, 0.0003147679381072521, 0.0001139583982876502, 0.00014437272329814732, 0.00046923814807087183], "count": 1028545.00000001}, "ret_rms": {"mean": 0.0, "var": 1.0, "count": 1e-08}, "norm_obs": true, "norm_rew": false, "clip_obs": 10.0, "clip_rew": 10.0, "gamma": 0.99, "eps": 1e-08}