{"obs_rms": {"mean": [193.94482421875, 54.46625518798828, 11.951247215270996, 1.09905207157135, 390.52142333984375, 4.351138591766357, 0.08529188483953476, 52.854496002197266, 18.96262550354004, 0.1380656659603119, 27.46893882751465, 2181.771728515625, 29.62411880493164, 11.491527557373047, 174.96646118164062, 0.6438233256340027, 0.06812024861574173, 0.06996133923530579, 0.06920371204614639, 0.0702051892876625, 0.06992996484041214, 0.08223602920770645, 0.0878230407834053, 0.12747183442115784, 0.24989190697669983], "var": [741271.125, 1843.7674560546875, 47.868019104003906, 1.564329743385315, 1173380.125, 5.344097137451172, 0.02306593582034111, 1278.423828125, 20.5758056640625, 0.08739271014928818, 33.78207778930664, 9298721.0, 35895.33984375, 77.43180847167969, 404.6824645996094, 0.5926559567451477, 0.001471887924708426, 0.0009053851827047765, 0.0008608592906966805, 0.0008354411111213267, 0.0008218048023991287, 0.0003181804495397955, 0.00011345061648171395, 0.00014427912537939847, 0.0004686345346271992], "count": 1028565.00000001}, "ret_rms": {"mean": 0.0, "var": 1.0, "count": 1e-08}, "norm_obs": true, "norm_rew": false, "clip_obs": 10.0, "clip_rew": 10.0, "gamma": 0.99, "eps": 1e-08}