{"obs_rms": {"mean": [880.8115844726562, 52.103450775146484, 12.134156227111816, 2.3149685859680176, 1466.0093994140625, 4.4489264488220215, 0.04510132968425751, 55.513980865478516, 17.191408157348633, 3.90710229112301e-05, 28.44930648803711, 5524.95654296875, 482.4366455078125, 11.441603660583496, 175.1919708251953, 1.612659215927124, 0.12965603172779083, 0.10693617165088654, 0.10088515281677246, 0.10159318149089813, 0.10021963715553284, 0.09919759631156921, 0.09920883923768997, 0.13831818103790283, 0.2642368674278259], "var": [4607815.5, 1714.57177734375, 45.37534713745117, 4.448431968688965, 8905401.0, 4.951720237731934, 0.010606750845909119, 1362.13330078125, 41.883392333984375, 1.668587174208369e-05, 20.590238571166992, 47199960.0, 122405.6484375, 70.8439712524414, 406.2090148925781, 2.276470184326172, 0.00040158358751796186, 0.00036045812885276973, 0.0003801807470154017, 0.00039685735828243196, 0.0004416124429553747, 0.00021362498227972537, 0.0002004494599532336, 0.000216888336581178, 0.0005437567015178502], "count": 312000.00000001}, "ret_rms": {"mean": -443.4968555303587, "var": 1059801.4759405777, "count": 310000.00000001}, "norm_obs": true, "norm_rew": true, "clip_obs": 10.0, "clip_rew": 10.0, "gamma": 0.99, "eps": 1e-08}