{"obs_rms": {"mean": [7773.98681640625, 54.504425048828125, 11.960183143615723, 2.181823492050171, 1184.188232421875, 4.3519792556762695, 0.001301417127251625, 54.43218994140625, 18.96685218811035, 0.05765417218208313, 27.469751358032227, 5160.24267578125, 231.28219604492188, 11.496601104736328, 174.78497314453125, 1.6667165756225586, 0.09979044646024704, 0.08710715919733047, 0.08219084143638611, 0.08135570585727692, 0.08006542176008224, 0.08763211965560913, 0.09170632064342499, 0.13145531713962555, 0.25525543093681335], "var": [29177650.0, 1844.35205078125, 48.03105926513672, 4.368366241455078, 7033325.0, 5.348789691925049, 0.0003835394745692611, 1393.05615234375, 20.53858757019043, 0.039796069264411926, 33.944610595703125, 47333612.0, 102461.59375, 77.49522399902344, 401.86322021484375, 3.030336856842041, 0.0016848299419507384, 0.0008181742741726339, 0.0007560737431049347, 0.000775283551774919, 0.00079060421558097, 0.0003052517131436616, 0.00014783737424295396, 0.00017965465667657554, 0.0005194664117880166], "count": 1029251.00000001}, "ret_rms": {"mean": 0.0, "var": 1.0, "count": 1e-08}, "norm_obs": true, "norm_rew": false, "clip_obs": 10.0, "clip_rew": 10.0, "gamma": 0.99, "eps": 1e-08}