{"obs_rms": {"mean": [7778.9970703125, 54.514366149902344, 11.956635475158691, 2.190546989440918, 1186.7855224609375, 4.351532936096191, 0.0014841345837339759, 54.44697189331055, 18.963909149169922, 0.05676620081067085, 27.47307586669922, 5181.2001953125, 231.41363525390625, 11.499013900756836, 174.78636169433594, 1.6759185791015625, 0.09997981041669846, 0.08721031993627548, 0.08225898444652557, 0.08140365779399872, 0.08013951033353806, 0.08771327883005142, 0.09172312170267105, 0.13144905865192413, 0.2552458643913269], "var": [29259862.0, 1843.9794921875, 47.859771728515625, 4.378271579742432, 7059595.5, 5.34227991104126, 0.0004742971796076745, 1392.7181396484375, 20.565717697143555, 0.03918185457587242, 33.7819709777832, 47535300.0, 102215.2109375, 77.4061279296875, 401.8382263183594, 3.0436835289001465, 0.0016777050914242864, 0.0008126133470796049, 0.0007503185770474374, 0.0007695589447394013, 0.0007830680697225034, 0.00030066518229432404, 0.00014676881255581975, 0.00017897896759677678, 0.0005194384721107781], "count": 1029334.00000001}, "ret_rms": {"mean": 0.0, "var": 1.0, "count": 1e-08}, "norm_obs": true, "norm_rew": false, "clip_obs": 10.0, "clip_rew": 10.0, "gamma": 0.99, "eps": 1e-08}