{"obs_rms": {"mean": [7779.966796875, 54.50911331176758, 11.956635475158691, 2.1896228790283203, 1183.6109619140625, 4.350288391113281, 0.0013413644628599286, 54.416908264160156, 18.96644401550293, 0.057139523327350616, 27.46482276916504, 5180.19775390625, 230.0581512451172, 11.499407768249512, 174.7859649658203, 1.6766263246536255, 0.09984202682971954, 0.08713638782501221, 0.08220086991786957, 0.08133801817893982, 0.08006913959980011, 0.08762524276971817, 0.09168223291635513, 0.13145115971565247, 0.2552790641784668], "var": [29234572.0, 1845.418212890625, 48.05718994140625, 4.3890533447265625, 7010866.5, 5.343968868255615, 0.0004053411539644003, 1393.4791259765625, 20.556814193725586, 0.03939943015575409, 34.002479553222656, 47484340.0, 101339.75, 77.54032135009766, 401.9853515625, 3.0489754676818848, 0.0016810755478218198, 0.0008136995602399111, 0.0007512829615734518, 0.0007721288711763918, 0.0007858924218453467, 0.00030382873956114054, 0.00014733527495991439, 0.0001790099631762132, 0.0005195174016989768], "count": 1029008.00000001}, "ret_rms": {"mean": 0.0, "var": 1.0, "count": 1e-08}, "norm_obs": true, "norm_rew": false, "clip_obs": 10.0, "clip_rew": 10.0, "gamma": 0.99, "eps": 1e-08}