{"obs_rms": {"mean": [7772.0888671875, 54.47193145751953, 11.961150169372559, 2.1930127143859863, 1187.2294921875, 4.354184627532959, 0.001384036149829626, 54.44736862182617, 18.960966110229492, 0.05666973069310188, 27.472824096679688, 5191.16259765625, 231.4569091796875, 11.504772186279297, 174.7791748046875, 1.679486870765686, 0.10001396387815475, 0.08725611865520477, 0.08232598006725311, 0.08148413151502609, 0.08022676408290863, 0.08772318065166473, 0.09175612777471542, 0.13150720298290253, 0.25536489486694336], "var": [29178830.0, 1844.4981689453125, 47.99613571166992, 4.39222526550293, 7048818.5, 5.356667995452881, 0.000427992403274402, 1395.3055419921875, 20.544889450073242, 0.03922977298498154, 33.86493682861328, 47532608.0, 102684.046875, 77.58567810058594, 402.20135498046875, 3.0497498512268066, 0.001676624407991767, 0.0008129188208840787, 0.0007516362238675356, 0.0007707389304414392, 0.0007847181987017393, 0.00030435691587626934, 0.00014835837646387517, 0.00018021289724856615, 0.0005207959329709411], "count": 1028379.00000001}, "ret_rms": {"mean": 0.0, "var": 1.0, "count": 1e-08}, "norm_obs": true, "norm_rew": false, "clip_obs": 10.0, "clip_rew": 10.0, "gamma": 0.99, "eps": 1e-08}