{"obs_rms": {"mean": [7786.6337890625, 54.47711944580078, 11.958236694335938, 2.1881778240203857, 1183.3310546875, 4.350700855255127, 0.0014001567615196109, 54.41080093383789, 18.96473503112793, 0.057002902030944824, 27.471675872802734, 5168.05712890625, 231.07150268554688, 11.491888999938965, 174.78179931640625, 1.67106032371521, 0.09989968687295914, 0.08717898279428482, 0.08225012570619583, 0.0814221128821373, 0.08014137297868729, 0.08768924325704575, 0.09171920269727707, 0.13146960735321045, 0.2553068697452545], "var": [29283124.0, 1844.61669921875, 48.042320251464844, 4.378305912017822, 7006537.0, 5.344148635864258, 0.0004294631362427026, 1393.3431396484375, 20.559473037719727, 0.039311785250902176, 33.9286994934082, 47293040.0, 102912.1640625, 77.50820922851562, 402.1932373046875, 3.031362533569336, 0.0016794452676549554, 0.0008144088205881417, 0.0007522887899540365, 0.0007708180928602815, 0.0007860613986849785, 0.0003037793794646859, 0.00014791585272178054, 0.0001797513396013528, 0.0005192610551603138], "count": 1028422.00000001}, "ret_rms": {"mean": 0.0, "var": 1.0, "count": 1e-08}, "norm_obs": true, "norm_rew": false, "clip_obs": 10.0, "clip_rew": 10.0, "gamma": 0.99, "eps": 1e-08}