{"obs_rms": {"mean": [295.3428039550781, 52.100013732910156, 12.134859085083008, 2.3249542713165283, 1489.982421875, 4.453242301940918, 0.057222552597522736, 55.39030075073242, 17.185932159423828, 0.0001926941331475973, 28.446578979492188, 5596.21337890625, 603.4838256835938, 11.442436218261719, 174.39486694335938, 1.636283278465271, 0.12380491942167282, 0.11363604664802551, 0.107132688164711, 0.10713592916727066, 0.10597264021635056, 0.10294342041015625, 0.10274463146924973, 0.14172565937042236, 0.2673819065093994], "var": [1237114.125, 1711.1082763671875, 45.459266662597656, 4.502663612365723, 9144908.0, 4.941196441650391, 0.014043369330465794, 1352.324462890625, 41.916717529296875, 8.967984467744827e-05, 20.602157592773438, 47987568.0, 219845.84375, 70.79316711425781, 404.48956298828125, 2.313556432723999, 0.0008315740851685405, 0.000502251205034554, 0.00040414498653262854, 0.00040645766421221197, 0.0004058087943121791, 0.00024685097741894424, 0.0002411980676697567, 0.0002588455972727388, 0.0005977450637146831], "count": 780000.00000001}, "ret_rms": {"mean": -146.3429342849366, "var": 305605.2218462052, "count": 775000.00000001}, "norm_obs": true, "norm_rew": true, "clip_obs": 10.0, "clip_rew": 10.0, "gamma": 0.99, "eps": 1e-08}