{"obs_rms": {"mean": [296.2034606933594, 52.100013732910156, 12.134859085083008, 2.3259763717651367, 1491.1278076171875, 4.453242301940918, 0.057386916130781174, 55.38258361816406, 17.185932159423828, 0.00021810481848660856, 28.446578979492188, 5600.0703125, 601.31689453125, 11.442436218261719, 174.39602661132812, 1.6363881826400757, 0.12377661466598511, 0.1135999783873558, 0.1070820540189743, 0.10710456967353821, 0.10598466545343399, 0.10293807089328766, 0.10274431109428406, 0.14173413813114166, 0.26739180088043213], "var": [1243551.625, 1711.1082763671875, 45.459266662597656, 4.505570888519287, 9149660.0, 4.941196441650391, 0.014072396792471409, 1351.6514892578125, 41.916717529296875, 0.00010830080282175913, 20.602157592773438, 48060780.0, 219535.0625, 70.79316711425781, 404.4576110839844, 2.309640645980835, 0.0008343814988620579, 0.0005034211790189147, 0.00040461934986524284, 0.0004065209359396249, 0.00040496423025615513, 0.00024647166719660163, 0.00024107717035803944, 0.0002588674833532423, 0.0005980063579045236], "count": 780000.00000001}, "ret_rms": {"mean": -146.66443138830235, "var": 306495.3769014164, "count": 775000.00000001}, "norm_obs": true, "norm_rew": true, "clip_obs": 10.0, "clip_rew": 10.0, "gamma": 0.99, "eps": 1e-08}