{"obs_rms": {"mean": [297.6072692871094, 52.100013732910156, 12.134859085083008, 2.324937105178833, 1490.0206298828125, 4.453242301940918, 0.05775170400738716, 55.38192367553711, 17.185932159423828, 0.00015144537610467523, 28.446578979492188, 5594.30078125, 601.9854125976562, 11.442436218261719, 174.40541076660156, 1.6351184844970703, 0.12375447154045105, 0.11355450749397278, 0.10707893967628479, 0.1070789098739624, 0.10592906177043915, 0.10291285812854767, 0.10271277278661728, 0.14168956875801086, 0.26733481884002686], "var": [1258267.125, 1711.1082763671875, 45.459266662597656, 4.499969005584717, 9143927.0, 4.941196441650391, 0.014257549308240414, 1351.656494140625, 41.916717529296875, 6.58505450701341e-05, 20.602157592773438, 47921976.0, 220058.1875, 70.79316711425781, 404.5290222167969, 2.3084557056427, 0.0008339103660546243, 0.0005019689560867846, 0.00040443293983116746, 0.0004066994006279856, 0.0004050645511597395, 0.0002466198930051178, 0.00024113053223118186, 0.0002587245253380388, 0.0005975226522423327], "count": 780000.00000001}, "ret_rms": {"mean": -147.52466418163894, "var": 310784.68132548546, "count": 775000.00000001}, "norm_obs": true, "norm_rew": true, "clip_obs": 10.0, "clip_rew": 10.0, "gamma": 0.99, "eps": 1e-08}