{"obs_rms": {"mean": [294.744384765625, 52.100013732910156, 12.134859085083008, 2.3284764289855957, 1492.877685546875, 4.453242301940918, 0.056990765035152435, 55.39204025268555, 17.185932159423828, 0.00013497685722541064, 28.446578979492188, 5610.05810546875, 603.1099243164062, 11.442436218261719, 174.39794921875, 1.642953872680664, 0.12377531826496124, 0.11357348412275314, 0.10710056871175766, 0.10710512846708298, 0.1059749498963356, 0.10295384377241135, 0.10276034474372864, 0.14174379408359528, 0.2673861086368561], "var": [1240461.875, 1711.1082763671875, 45.459266662597656, 4.516829967498779, 9173104.0, 4.941196441650391, 0.014041597954928875, 1352.5107421875, 41.916717529296875, 5.31774312548805e-05, 20.602157592773438, 48228448.0, 220440.859375, 70.79316711425781, 404.4656066894531, 2.3284261226654053, 0.000835588201880455, 0.0005026661674492061, 0.00040491134859621525, 0.0004080357903148979, 0.0004064944223500788, 0.00024690679856576025, 0.00024131870304699987, 0.0002590780786704272, 0.0005980287096463144], "count": 780000.00000001}, "ret_rms": {"mean": -145.93434853934411, "var": 305799.6245017736, "count": 775000.00000001}, "norm_obs": true, "norm_rew": true, "clip_obs": 10.0, "clip_rew": 10.0, "gamma": 0.99, "eps": 1e-08}