{"obs_rms": {"mean": [295.67083740234375, 52.100013732910156, 12.134859085083008, 2.325735569000244, 1491.0467529296875, 4.453242301940918, 0.05770121142268181, 55.37917709350586, 17.185932159423828, 0.0001412407000316307, 28.446578979492188, 5597.4140625, 606.5132446289062, 11.442436218261719, 174.39195251464844, 1.635103702545166, 0.12391359359025955, 0.11369504779577255, 0.10720347613096237, 0.10719472169876099, 0.1060500368475914, 0.10297780483961105, 0.10277646034955978, 0.14175978302955627, 0.26741498708724976], "var": [1237997.125, 1711.1082763671875, 45.459266662597656, 4.502716064453125, 9147052.0, 4.941196441650391, 0.014177381061017513, 1351.3836669921875, 41.916717529296875, 6.0896687500644475e-05, 20.602157592773438, 47966672.0, 218727.234375, 70.79316711425781, 404.4423828125, 2.306631565093994, 0.0008251970284618437, 0.0004992084577679634, 0.0004025204398203641, 0.0004042017972096801, 0.0004032494907733053, 0.00024658022448420525, 0.0002411293244222179, 0.0002588315401226282, 0.0005978585686534643], "count": 780000.00000001}, "ret_rms": {"mean": -146.42556652383632, "var": 305730.68891061516, "count": 775000.00000001}, "norm_obs": true, "norm_rew": true, "clip_obs": 10.0, "clip_rew": 10.0, "gamma": 0.99, "eps": 1e-08}