{"obs_rms": {"mean": [7449.83154296875, 54.53373718261719, 11.9657621383667, 2.514592409133911, 1477.1041259765625, 4.366179466247559, 0.0003894405672326684, 55.27539825439453, 18.848636627197266, 0.014008468948304653, 27.32969093322754, 6105.2412109375, 385.79742431640625, 11.52051830291748, 174.7340850830078, 1.9912235736846924, 0.11089734733104706, 0.09588798880577087, 0.0902746394276619, 0.08879159390926361, 0.08694516122341156, 0.09242826700210571, 0.0939696654677391, 0.13345207273960114, 0.2592085599899292], "var": [17543710.0, 1843.195068359375, 47.372779846191406, 4.845094203948975, 9250830.0, 5.3716020584106445, 4.422885012900224e-06, 1450.773681640625, 20.352617263793945, 0.00880491267889738, 35.22230911254883, 58880988.0, 144393.53125, 77.0846176147461, 399.8172912597656, 3.6593263149261475, 0.0010236098896712065, 0.0006496760761365294, 0.0006476566195487976, 0.000682587327901274, 0.0007027763640508056, 0.00023608461196999997, 0.00015732948668301105, 0.0001864581718109548, 0.0005168677889741957], "count": 965700.00000001}, "ret_rms": {"mean": -264.0295166165919, "var": 69451.5045819998, "count": 959700.00000001}, "norm_obs": true, "norm_rew": true, "clip_obs": 10.0, "clip_rew": 10.0, "gamma": 0.99, "eps": 1e-08}