{"obs_rms": {"mean": [7543.5458984375, 55.414615631103516, 11.836065292358398, 2.4745607376098633, 1337.0906982421875, 4.405983924865723, 0.00042534215026535094, 54.20819854736328, 18.99144172668457, 0.015022436156868935, 27.402191162109375, 5827.0078125, 394.7105712890625, 11.248114585876465, 174.76693725585938, 1.929883599281311, 0.11005119979381561, 0.09514296799898148, 0.08928519487380981, 0.08770940452814102, 0.08592790365219116, 0.09169013798236847, 0.0933418869972229, 0.133046492934227, 0.25867459177970886], "var": [18021938.0, 1896.7344970703125, 49.44688034057617, 4.943199157714844, 8010539.0, 5.613311767578125, 4.7862613428151235e-06, 1456.4918212890625, 20.40608787536621, 0.009388403035700321, 34.62990188598633, 55150228.0, 147995.78125, 78.79371643066406, 396.2219543457031, 3.595837116241455, 0.0010271882638335228, 0.0006461684824898839, 0.0006449403590522707, 0.0006859478307887912, 0.0006958268932066858, 0.00022918525792192668, 0.00015456257096957415, 0.00018039424321614206, 0.0005086255259811878], "count": 976500.00000001}, "ret_rms": {"mean": -269.9646989957393, "var": 67770.97709923532, "count": 970500.00000001}, "norm_obs": true, "norm_rew": true, "clip_obs": 10.0, "clip_rew": 10.0, "gamma": 0.99, "eps": 1e-08}