{"obs_rms": {"mean": [7458.73779296875, 54.56741714477539, 11.933236122131348, 2.53554105758667, 1437.0645751953125, 4.291166305541992, 0.0003765811852645129, 55.324729919433594, 18.936634063720703, 0.012779480777680874, 27.403125762939453, 6120.435546875, 389.2734375, 11.528379440307617, 174.71762084960938, 2.007255792617798, 0.11077962070703506, 0.09593813121318817, 0.09038207679986954, 0.08890712261199951, 0.08720894157886505, 0.09267435222864151, 0.09402991831302643, 0.13359269499778748, 0.2593487501144409], "var": [17557072.0, 1848.8125, 46.79578399658203, 4.863476276397705, 8910353.0, 5.212496757507324, 4.13693715017871e-06, 1422.0703125, 20.401498794555664, 0.008097591809928417, 32.462188720703125, 58720644.0, 146059.25, 75.14868927001953, 399.8485107421875, 3.652613401412964, 0.0010225195437669754, 0.0006321387481875718, 0.0006255181506276131, 0.0006606099777854979, 0.000668739783577621, 0.00022958499903324991, 0.00016517529729753733, 0.0001883653167169541, 0.0005202387110330164], "count": 966000.00000001}, "ret_rms": {"mean": -266.9439292479512, "var": 69282.36772090373, "count": 960000.00000001}, "norm_obs": true, "norm_rew": true, "clip_obs": 10.0, "clip_rew": 10.0, "gamma": 0.99, "eps": 1e-08}