{"obs_rms": {"mean": [7403.31396484375, 53.886077880859375, 12.05002212524414, 2.5219244956970215, 1442.3482666015625, 4.32566499710083, 0.00035553635098040104, 55.305084228515625, 18.92475128173828, 0.01567528210580349, 27.578025817871094, 6080.42431640625, 384.37939453125, 11.522356033325195, 174.7774658203125, 1.974380373954773, 0.10995607823133469, 0.09502991288900375, 0.08917520940303802, 0.08751806616783142, 0.08556728810071945, 0.0917450562119484, 0.09350162744522095, 0.13302850723266602, 0.2584908902645111], "var": [17350790.0, 1813.60498046875, 48.22100830078125, 4.875609397888184, 8923861.0, 5.25837516784668, 4.098665158380754e-06, 1432.825439453125, 20.357030868530273, 0.009961645118892193, 33.37284469604492, 58108092.0, 142395.625, 75.67389678955078, 403.6588134765625, 3.5775251388549805, 0.0010519541101530194, 0.0006618555053137243, 0.0006600517663173378, 0.0006959802703931928, 0.0007127203862182796, 0.00023528671590611339, 0.00015483686001971364, 0.00018538265430834144, 0.0005240721511654556], "count": 957600.00000001}, "ret_rms": {"mean": -264.3535735894989, "var": 68516.72928967388, "count": 951600.00000001}, "norm_obs": true, "norm_rew": true, "clip_obs": 10.0, "clip_rew": 10.0, "gamma": 0.99, "eps": 1e-08}