{"obs_rms": {"mean": [7487.27197265625, 54.82550811767578, 11.896048545837402, 2.514843225479126, 1434.4161376953125, 4.329155921936035, 0.000446125864982605, 55.06608963012695, 18.978805541992188, 0.013943200930953026, 27.428857803344727, 6034.09619140625, 386.92413330078125, 11.410052299499512, 174.7816925048828, 1.9733302593231201, 0.11009028553962708, 0.09515402466058731, 0.08930054306983948, 0.0875045582652092, 0.08552049845457077, 0.09168755263090134, 0.09337519854307175, 0.1329515427350998, 0.25856801867485046], "var": [17770178.0, 1860.3974609375, 47.81497573852539, 4.868458271026611, 8896348.0, 5.320788860321045, 4.8397882892459165e-06, 1441.6558837890625, 19.991565704345703, 0.008458683267235756, 34.05396270751953, 58202588.0, 145988.1875, 76.13414001464844, 399.2485656738281, 3.613274574279785, 0.0010371524840593338, 0.0006482600001618266, 0.0006416481919586658, 0.0006807757308706641, 0.0006981894257478416, 0.00022223161067813635, 0.00014808945707045496, 0.00017907585424836725, 0.0005098014371469617], "count": 969000.00000001}, "ret_rms": {"mean": -264.6318859150123, "var": 69402.87093458489, "count": 963000.00000001}, "norm_obs": true, "norm_rew": true, "clip_obs": 10.0, "clip_rew": 10.0, "gamma": 0.99, "eps": 1e-08}