{"obs_rms": {"mean": [889.6375122070312, 52.103450775146484, 12.134156227111816, 2.1772241592407227, 1324.4332275390625, 4.4489264488220215, 0.06500136107206345, 55.45347595214844, 17.191408157348633, 0.005009746644645929, 28.44930648803711, 5104.4228515625, 237.9971923828125, 11.441603660583496, 176.56082153320312, 1.4519171714782715, 0.10263102501630783, 0.09135089814662933, 0.08852840214967728, 0.08920639008283615, 0.08839590102434158, 0.09338205307722092, 0.09404870867729187, 0.13311141729354858, 0.2585584223270416], "var": [4905523.5, 1714.57177734375, 45.37534713745117, 4.01629114151001, 7465645.0, 4.951720237731934, 0.017245708033442497, 1357.654296875, 41.883392333984375, 0.002246405929327011, 20.590238571166992, 40970472.0, 132927.578125, 70.8439712524414, 410.92486572265625, 1.972998023033142, 0.0012795984512194991, 0.0006794618093408644, 0.0006818388937972486, 0.0006342778797261417, 0.0005762253422290087, 0.00020862696692347527, 0.00017228622164111584, 0.00019451111438684165, 0.0005209861556068063], "count": 312000.00000001}, "ret_rms": {"mean": -1077.0980603447567, "var": 5422700.727999547, "count": 310000.00000001}, "norm_obs": true, "norm_rew": true, "clip_obs": 10.0, "clip_rew": 10.0, "gamma": 0.99, "eps": 1e-08}