{"obs_rms": {"mean": [260.7803039550781, 52.10946273803711, 12.138047218322754, 2.2379238605499268, 1365.97216796875, 4.4492998123168945, 0.06134329363703728, 55.4622917175293, 17.188983917236328, 0.004055252764374018, 28.444313049316406, 5358.3310546875, 205.51414489746094, 11.458763122558594, 172.84356689453125, 1.5858392715454102, 0.11355497688055038, 0.09818083047866821, 0.09431859850883484, 0.09557057917118073, 0.09480013698339462, 0.09570044279098511, 0.09610174596309662, 0.1370711326599121, 0.26312923431396484], "var": [829654.0625, 1717.702392578125, 45.284767150878906, 4.381111145019531, 8420223.0, 4.947777271270752, 0.016743499785661697, 1356.8662109375, 41.87514877319336, 0.0026999800466001034, 20.629104614257812, 45840444.0, 75093.4765625, 69.9493408203125, 415.36328125, 2.3921892642974854, 0.0013273071963340044, 0.0004983916878700256, 0.0004231903876643628, 0.0004006412345916033, 0.0003926946665160358, 0.00019367832283023745, 0.00018694321624934673, 0.00021110574016347528, 0.0005421523237600923], "count": 1996800.00000001}, "ret_rms": {"mean": 0.0, "var": 1.0, "count": 1e-08}, "norm_obs": true, "norm_rew": false, "clip_obs": 10.0, "clip_rew": 10.0, "gamma": 0.99, "eps": 1e-08}