{"obs_rms": {"mean": [223.30740356445312, 52.1046028137207, 12.140936851501465, 1.5066136121749878, 711.4153442382812, 4.44763708114624, 0.12222270667552948, 55.472747802734375, 17.193490982055664, 0.036459386348724365, 28.439353942871094, 3186.340087890625, 69.9824447631836, 11.445944786071777, 174.0504608154297, 0.9324241280555725, 0.08771324157714844, 0.08313912153244019, 0.08290988951921463, 0.0843595564365387, 0.08254094421863556, 0.0908680185675621, 0.09196316450834274, 0.1317116767168045, 0.25562480092048645], "var": [1139660.375, 1712.5859375, 45.55099868774414, 2.7986323833465576, 3981165.75, 4.953117370605469, 0.03368523716926575, 1362.5645751953125, 41.91146469116211, 0.02471267431974411, 20.615020751953125, 24486646.0, 36889.234375, 70.27423095703125, 418.2919006347656, 1.398046851158142, 0.0015563123160973191, 0.0007746688788756728, 0.0006961767794564366, 0.000601278617978096, 0.0005872297915630043, 0.00017609067435842007, 0.00013398590090218931, 0.00016164788394235075, 0.0004852869897149503], "count": 1397760.00000001}, "ret_rms": {"mean": 0.0, "var": 1.0, "count": 1e-08}, "norm_obs": true, "norm_rew": false, "clip_obs": 10.0, "clip_rew": 10.0, "gamma": 0.99, "eps": 1e-08}