{"obs_rms": {"mean": [992.5661010742188, 52.103450775146484, 12.134156227111816, 2.230692148208618, 1353.414794921875, 4.4489264488220215, 0.052240852266550064, 55.529964447021484, 17.191408157348633, 0.003775123506784439, 28.44930648803711, 5244.09326171875, 255.09498596191406, 11.441603660583496, 176.5081787109375, 1.5340620279312134, 0.10560845583677292, 0.09260592609643936, 0.08924851566553116, 0.08939684927463531, 0.08844061940908432, 0.09313260763883591, 0.09425695240497589, 0.13328775763511658, 0.2587256133556366], "var": [5389504.0, 1714.57177734375, 45.37534713745117, 4.183011531829834, 7813497.0, 4.951720237731934, 0.013766799122095108, 1364.656005859375, 41.883392333984375, 0.0018039789283648133, 20.590238571166992, 43030072.0, 129942.0546875, 70.8439712524414, 410.7693176269531, 2.1634933948516846, 0.0011654904810711741, 0.0006497062277048826, 0.0006720810197293758, 0.0006601238856092095, 0.0006076269783079624, 0.000227998461923562, 0.0001739452127367258, 0.00019612569303717464, 0.0005229436210356653], "count": 312000.00000001}, "ret_rms": {"mean": -2829.3290459709133, "var": 46438400.22316646, "count": 310000.00000001}, "norm_obs": true, "norm_rew": true, "clip_obs": 10.0, "clip_rew": 10.0, "gamma": 0.99, "eps": 1e-08}