{"obs_rms": {"mean": [2093.517578125, 53.886077880859375, 12.05002212524414, 2.425623893737793, 1317.5540771484375, 4.32566499710083, 0.02719179540872574, 55.20639419555664, 18.92475128173828, 0.012520772404968739, 27.578025817871094, 5640.11474609375, 501.6169128417969, 11.522356033325195, 174.54640197753906, 1.7924768924713135, 0.11450418084859848, 0.098258838057518, 0.09231668710708618, 0.09097866714000702, 0.08915499597787857, 0.09247425943613052, 0.09503144770860672, 0.13403993844985962, 0.2594708800315857], "var": [7832020.5, 1813.60498046875, 48.22100830078125, 4.604494571685791, 7882476.5, 5.25837516784668, 0.007235979661345482, 1422.807861328125, 20.357030868530273, 0.007573571056127548, 33.37284469604492, 52093460.0, 191234.90625, 75.67389678955078, 401.802978515625, 3.253615379333496, 0.000946168671362102, 0.0006753863417543471, 0.0007263211882673204, 0.0007753417012281716, 0.0007978435605764389, 0.0003218835045117885, 0.00018725841073319316, 0.00021590078540612012, 0.000583064160309732], "count": 957600.00000001}, "ret_rms": {"mean": -2432.725622347595, "var": 7949594.281314836, "count": 951600.00000001}, "norm_obs": true, "norm_rew": true, "clip_obs": 10.0, "clip_rew": 10.0, "gamma": 0.99, "eps": 1e-08}