{"obs_rms": {"mean": [2118.631591796875, 54.56741714477539, 11.933236122131348, 2.432176351547241, 1306.5274658203125, 4.291166305541992, 0.027836894616484642, 55.22934341430664, 18.936634063720703, 0.010758164338767529, 27.403125762939453, 5652.81591796875, 506.9054260253906, 11.528379440307617, 174.4788055419922, 1.811637043952942, 0.1150444820523262, 0.09900954365730286, 0.09333573281764984, 0.09216759353876114, 0.09061718732118607, 0.09350564330816269, 0.09569381177425385, 0.13463471829891205, 0.2604452669620514], "var": [7967876.0, 1848.8125, 46.79578399658203, 4.579710006713867, 7798554.5, 5.212496757507324, 0.007359090726822615, 1412.60498046875, 20.401498794555664, 0.006413615774363279, 32.462188720703125, 52241084.0, 197631.640625, 75.14868927001953, 398.1979064941406, 3.29852032661438, 0.0009314571507275105, 0.0006533782579936087, 0.0006959431921131909, 0.0007489927229471505, 0.0007616067887283862, 0.0003078790905419737, 0.00019186259305570275, 0.00021500997536350042, 0.0005657277652062476], "count": 966000.00000001}, "ret_rms": {"mean": -2450.359209459736, "var": 8011138.904719024, "count": 960000.00000001}, "norm_obs": true, "norm_rew": true, "clip_obs": 10.0, "clip_rew": 10.0, "gamma": 0.99, "eps": 1e-08}