{"obs_rms": {"mean": [2135.788818359375, 55.414615631103516, 11.836065292358398, 2.375485420227051, 1216.127197265625, 4.405983924865723, 0.02572496235370636, 54.10097122192383, 18.99144172668457, 0.013090661726891994, 27.402191162109375, 5388.8427734375, 513.4124755859375, 11.248114585876465, 174.52427673339844, 1.7469407320022583, 0.11428900808095932, 0.09827935695648193, 0.09237904846668243, 0.09110269695520401, 0.08942175656557083, 0.09232494980096817, 0.09490276873111725, 0.1340625137090683, 0.2596533000469208], "var": [8044366.0, 1896.7344970703125, 49.44688034057617, 4.660608291625977, 7088408.5, 5.613311767578125, 0.0066568078473210335, 1446.2191162109375, 20.40608787536621, 0.007835878059267998, 34.62990188598633, 49334404.0, 200861.15625, 78.79371643066406, 394.2647705078125, 3.253427743911743, 0.0009497091523371637, 0.0006736044306308031, 0.0007254328229464591, 0.000780239817686379, 0.0007956901099532843, 0.0003242895763833076, 0.00018494203686714172, 0.00021066187764517963, 0.0005627532373182476], "count": 976500.00000001}, "ret_rms": {"mean": -2460.4915975009585, "var": 8013768.309800584, "count": 970500.00000001}, "norm_obs": true, "norm_rew": true, "clip_obs": 10.0, "clip_rew": 10.0, "gamma": 0.99, "eps": 1e-08}