{"obs_rms": {"mean": [2102.367431640625, 54.53373718261719, 11.9657621383667, 2.424175262451172, 1349.1923828125, 4.366179466247559, 0.029249124228954315, 55.18064498901367, 18.848636627197266, 0.009740247391164303, 27.32969093322754, 5673.83740234375, 506.6051330566406, 11.52051830291748, 174.4731903076172, 1.8076069355010986, 0.11554128676652908, 0.09932970255613327, 0.09366890043020248, 0.09255053848028183, 0.09083190560340881, 0.09342540055513382, 0.09562574326992035, 0.13462339341640472, 0.2603713870048523], "var": [7859579.5, 1843.195068359375, 47.372779846191406, 4.58157205581665, 8209303.0, 5.3716020584106445, 0.007734141778200865, 1440.683349609375, 20.352617263793945, 0.005649466533213854, 35.22230911254883, 52820824.0, 195729.3125, 77.0846176147461, 398.03790283203125, 3.3336069583892822, 0.0009144130162894726, 0.000653583905659616, 0.0006948597729206085, 0.0007414837600663304, 0.0007694008527323604, 0.00031550496350973845, 0.0001904962700791657, 0.00021676438336726278, 0.0005681097391061485], "count": 965700.00000001}, "ret_rms": {"mean": -2433.7278335921997, "var": 7916421.350625901, "count": 959700.00000001}, "norm_obs": true, "norm_rew": true, "clip_obs": 10.0, "clip_rew": 10.0, "gamma": 0.99, "eps": 1e-08}