{"obs_rms": {"mean": [2123.615234375, 54.82550811767578, 11.896048545837402, 2.421816825866699, 1302.122314453125, 4.329155921936035, 0.02727431431412697, 54.94770050048828, 18.978805541992188, 0.01110083982348442, 27.428857803344727, 5600.80078125, 510.19390869140625, 11.410052299499512, 174.5368194580078, 1.793999195098877, 0.11487995088100433, 0.09864768385887146, 0.09269248694181442, 0.09115329384803772, 0.08922573179006577, 0.09241695702075958, 0.09499853104352951, 0.13403935730457306, 0.2595531642436981], "var": [8005342.0, 1860.3974609375, 47.81497573852539, 4.601593494415283, 7778424.0, 5.320788860321045, 0.0069733974523842335, 1430.6640625, 19.991565704345703, 0.006527116056531668, 34.05396270751953, 52038560.0, 197346.59375, 76.13414001464844, 397.2012634277344, 3.2862629890441895, 0.0009284821571782231, 0.0006601175991818309, 0.0007028378895483911, 0.0007602381519973278, 0.000792206556070596, 0.00031584050157107413, 0.00017926540749613196, 0.00020888354629278183, 0.0005652692634612322], "count": 969000.00000001}, "ret_rms": {"mean": -2453.393817352697, "var": 8023374.470994368, "count": 963000.00000001}, "norm_obs": true, "norm_rew": true, "clip_obs": 10.0, "clip_rew": 10.0, "gamma": 0.99, "eps": 1e-08}